ID,front/title,front/icon,front/description,,back/title,back/icon,back/description,,,
chinese-essencial-in-communication-3-thai-cloudy-day,阴天,,yīntiān,cloudy day,วันฟ้าครึ้ม,☁️,今天是**阴天**。 (Jīntiān shì **yīn tiān**.) วันนี้เป็น**วันที่มีเมฆมาก**,今天是**阴天**。,Jīntiān shì **yīn tiān**.,วันนี้เป็น**วันที่มีเมฆมาก**
chinese-essencial-in-communication-3-thai-weather,天气,,tiānqì,weather,สภาพอากาศ,☀️,今天**天气**很好。 (Jīntiān **tiānqì** hěn hǎo.) วันนี้**อากาศ**ดีมาก,今天**天气**很好。,Jīntiān **tiānqì** hěn hǎo.,วันนี้**อากาศ**ดีมาก
chinese-essencial-in-communication-3-thai-weather-forecast,天气预报,,tiānqì yùbào,weather forecast,พยากรณ์อากาศ,📺,今天的**天气预报**说会下雨。 (Jīntiān de **tiānqì yùbào** shuō huì xià yǔ.) พยากรณ์**อากาศ**วันนี้บอกว่าฝนจะตก,今天的**天气预报**说会下雨。,Jīntiān de **tiānqì yùbào** shuō huì xià yǔ.,พยากรณ์**อากาศ**วันนี้บอกว่าฝนจะตก
chinese-essencial-in-communication-3-thai-to-forecast,预报,,yùbào,to forecast,พยากรณ์,🔮,明天有**预报**。 (míngtiān yǒu **yùbào**.) พรุ่งนี้มี**พยากรณ์**อากาศ,明天有**预报**。,míngtiān yǒu **yùbào**.,พรุ่งนี้มี**พยากรณ์**อากาศ
chinese-essencial-in-communication-3-thai-be-likely-to,会,,huì,be likely to,จะ,🤔,我**会**说汉语。 (Wǒ **huì** shuō Hànyǔ.) ฉัน**พูด**ภาษาจีนได้,我**会**说汉语。,Wǒ **huì** shuō Hànyǔ.,ฉัน**พูด**ภาษาจีนได้
chinese-essencial-in-communication-3-thai-to-rain,下雨,,xià yǔ,to rain,ฝนตก,🌧️,今天**下雨**。 (Jīntiān **xiàyǔ**.) วันนี้**ฝน**ตก,今天**下雨**。,Jīntiān **xiàyǔ**.,วันนี้**ฝน**ตก
chinese-essencial-in-communication-3-thai-heavy-rain,大雨,,dà yǔ,heavy rain,ฝนตกหนัก,⛈️,外面下着**大雨**。 (wàimian xiàzhe **dàyǔ**.) ข้างนอกฝนตก**หนัก**,外面下着**大雨**。,wàimian xiàzhe **dàyǔ**.,ข้างนอกฝนตก**หนัก**
chinese-essencial-in-communication-3-thai-light-rain-drizzle,小雨,,xiǎo yǔ,"light rain, drizzle",ฝนปรอย,☔,今天有**小雨**。 (Jīntiān yǒu **xiǎoyǔ**.) วันนี้มี**ฝนปรอยๆ**,今天有**小雨**。,Jīntiān yǒu **xiǎoyǔ**.,วันนี้มี**ฝนปรอยๆ**
chinese-essencial-in-communication-3-thai-why,为什么,,wèishénme,why,ทำไม,❓,你**为什么**喜欢学中文？ (Nǐ **wèishénme** xǐhuān xué Zhōngwén?) คุณชอบเรียนภาษาจีน**ทำไม**?,你**为什么**喜欢学中文？,Nǐ **wèishénme** xǐhuān xué Zhōngwén?,คุณชอบเรียนภาษาจีน**ทำไม**?
chinese-essencial-in-communication-3-thai-measure-word,把,,bǎ,(measure word),จับ,🔑,我**把**书放在桌子上了。 (Wǒ **bǎ** shū fàng zài zhuōzi le.) ฉัน**วาง**หนังสือไว้บนโต๊ะแล้ว,我**把**书放在桌子上了。,Wǒ **bǎ** shū fàng zài zhuōzi le.,ฉัน**วาง**หนังสือไว้บนโต๊ะแล้ว
chinese-essencial-in-communication-3-thai-umbrella,伞,,sǎn,umbrella,ร่ม,☂️,这把**伞**是我的。 (zhè bǎ **sǎn** shì wǒ de.) ร่มคันนี้เป็นของฉัน,这把**伞**是我的。,zhè bǎ **sǎn** shì wǒ de.,ร่มคันนี้เป็นของฉัน
chinese-essencial-in-communication-3-thai-here,这里,,zhèlǐ,here,ที่นี่,📍,我**这里**有本书。 (wǒ **zhèlǐ** yǒu běn shū.) ฉันมีหนังสืออยู่ที่**นี่**,我**这里**有本书。,wǒ **zhèlǐ** yǒu běn shū.,ฉันมีหนังสืออยู่ที่**นี่**
chinese-essencial-in-communication-3-thai-scenery,风景,,fēngjǐng,scenery,ทิวทัศน์,🏞️,这里的**风景**很美。 (Zhèlǐ de **fēngjǐng** hěn měi.) ทิวทัศน์ที่นี่สวยงามมาก,这里的**风景**很美。,Zhèlǐ de **fēngjǐng** hěn měi.,ทิวทัศน์ที่นี่สวยงามมาก
chinese-essencial-in-communication-3-thai-beautiful,美,,měi,beautiful,สวย,💖,这朵花很**美**。 (Zhè duǒ huā hěn **měi**.) ดอกไม้นี้สวยมาก**สวย**,这朵花很**美**。,Zhè duǒ huā hěn **měi**.,ดอกไม้นี้สวยมาก**สวย**
chinese-essencial-in-communication-3-thai-air,空气,,kōngqì,air,อากาศ,💨,这里的**空气**很新鲜。 (Zhèlǐ de **kōngqì** hěn xīnxiān.) **อากาศ**ที่นี่สดชื่นมาก,这里的**空气**很新鲜。,Zhèlǐ de **kōngqì** hěn xīnxiān.,**อากาศ**ที่นี่สดชื่นมาก
chinese-essencial-in-communication-3-thai-fresh,新鲜,,xīnxian,fresh,สด,🌱,这个水果很**新鲜**。 (Zhège shuǐguǒ hěn **xīnxiān**.) ผลไม้นี้สดมาก**สด**,这个水果很**新鲜**。,Zhège shuǐguǒ hěn **xīnxiān**.,ผลไม้นี้สดมาก**สด**
chinese-essencial-in-communication-3-thai-regrettable,可惜,,kěxī,regrettable,น่าเสียดาย,😔,"这件衣服很漂亮，**可惜**太贵了。 (Zhè jiàn yīfu hěn piàoliang, **kěxī** tài guì le.) เสื้อผ้าตัวนี้สวยมาก **น่าเสียดาย**ที่แพงเกินไป",这件衣服很漂亮，**可惜**太贵了。,"Zhè jiàn yīfu hěn piàoliang, **kěxī** tài guì le.",เสื้อผ้าตัวนี้สวยมาก **น่าเสียดาย**ที่แพงเกินไป
chinese-essencial-in-communication-3-thai-to-climb-a-mountain,爬山,,pá shān,to climb a mountain,ปีนเขา,⛰️,我喜欢**爬山**。 (Wǒ xǐhuān **páshān**.) ฉันชอบ**ปีนเขา**,我喜欢**爬山**。,Wǒ xǐhuān **páshān**.,ฉันชอบ**ปีนเขา**
chinese-essencial-in-communication-3-thai-auxiliary-word,了,,le,(auxiliary word),แล้ว,✅,我吃**了**饭。 (wǒ chī **le** fàn.) ฉันกินข้าว**แล้ว**,我吃**了**饭。,wǒ chī **le** fàn.,ฉันกินข้าว**แล้ว**
chinese-essencial-in-communication-3-thai-to-stop,停,,tíng,to stop,หยุด,🛑,请**停**一下。 (qǐng **tíng** yī xià.) กรุณา**หยุด**สักครู่,请**停**一下。,qǐng **tíng** yī xià.,กรุณา**หยุด**สักครู่
chinese-essencial-in-communication-3-thai-to-picnic,野餐,,yěcān,to picnic,ปิกนิก,🧺,我们明天去**野餐**吧。 (Wǒmen míngtiān qù **yěcān** ba.) พรุ่งนี้เราไป**ปิกนิก**กันนะ,我们明天去**野餐**吧。,Wǒmen míngtiān qù **yěcān** ba.,พรุ่งนี้เราไป**ปิกนิก**กันนะ
chinese-essencial-in-communication-3-thai-wind,风,,fēng,wind,ลม,🌬️,今天的**风**很大。 (Jīntiān de **fēng** hěn dà.) วันนี้ลม**แรง**มาก,今天的**风**很大。,Jīntiān de **fēng** hěn dà.,วันนี้ลม**แรง**มาก
chinese-essencial-in-communication-3-thai-to-go-down-a-mountain,下山,,xià shān,to go down a mountain,ลงจากเขา,🔽,我们明天**下山**。 (wǒmen míngtiān **xiàshān**.) พรุ่งนี้เราจะ**ลงจากเขา**,我们明天**下山**。,wǒmen míngtiān **xiàshān**.,พรุ่งนี้เราจะ**ลงจากเขา**
chinese-essencial-in-communication-3-thai-rainbow,彩虹,,cǎihóng,rainbow,รุ้ง,🌈,天上有一道美丽的**彩虹**。 (tiān shàng yǒu yī dào měi lì de **cǎi hóng**.) บนท้องฟ้ามี**รุ้ง**กินน้ำที่สวยงาม,天上有一道美丽的**彩虹**。,tiān shàng yǒu yī dào měi lì de **cǎi hóng**.,บนท้องฟ้ามี**รุ้ง**กินน้ำที่สวยงาม
chinese-essencial-in-communication-3-thai-botanical-garden,植物园,,zhíwùyuán,botanical garden,สวนพฤกษศาสตร์,🌳,我喜欢去**植物园**。 (wǒ xǐhuān qù **zhíwùyuán**.) ฉันชอบไป**สวนพฤกษศาสตร์**,我喜欢去**植物园**。,wǒ xǐhuān qù **zhíwùyuán**.,ฉันชอบไป**สวนพฤกษศาสตร์**
chinese-essencial-in-communication-3-thai-the-wind-blows,刮风,,guā fēng,the wind blows,ลมพัด,💨,今天**刮风**了。 (Jīntiān **guāfēng** le.) วันนี้ลม**พัด**แล้ว,今天**刮风**了。,Jīntiān **guāfēng** le.,วันนี้ลม**พัด**แล้ว
chinese-essencial-in-communication-3-thai-clear-day,晴天,,qíngtiān,clear day,ท้องฟ้าแจ่มใส,☀️,今天是**晴天**。 (Jīntiān shì **qíngtiān**.) วันนี้เป็น**วันฟ้าใส**,今天是**晴天**。,Jīntiān shì **qíngtiān**.,วันนี้เป็น**วันฟ้าใส**
chinese-essencial-in-communication-3-thai-daytime,白天,,báitiān,daytime,กลางวัน,🌞,**白天**我很忙。 (**bái tiān** wǒ hěn máng.) ฉันยุ่งมากใน**ตอนกลางวัน**,**白天**我很忙。,**bái tiān** wǒ hěn máng.,ฉันยุ่งมากใน**ตอนกลางวัน**
chinese-essencial-in-communication-3-thai-sunny,晴,,qíng,sunny,แดดออก,😎,今天天气很**晴**。 (Jīntiān tiānqì hěn **qíng**.) วันนี้อากาศแจ่ม**ใส**,今天天气很**晴**。,Jīntiān tiānqì hěn **qíng**.,วันนี้อากาศแจ่ม**ใส**
chinese-essencial-in-communication-3-thai-to-change,转,,zhuǎn,to change,เปลี่ยน,🔄,"他**转**过身，看到了她。 (Tā **zhuǎn** guò shēn, kàn dào le tā.) เขา**หัน**หลังกลับและเห็นเธอ",他**转**过身，看到了她。,"Tā **zhuǎn** guò shēn, kàn dào le tā.",เขา**หัน**หลังกลับและเห็นเธอ
chinese-essencial-in-communication-3-thai-cloudy,阴,,yīn,cloudy,หยิน,🌥️,今天天气很**阴**。 (Jīntiān tiānqì hěn **yīn**.) วันนี้อากาศ**มืดครึ้ม**,今天天气很**阴**。,Jīntiān tiānqì hěn **yīn**.,วันนี้อากาศ**มืดครึ้ม**
chinese-essencial-in-communication-3-thai-noon,中午,,zhōngwǔ,noon,เที่ยง,🕛,我们**中午**吃午饭。 (wǒ men **zhōng wǔ** chī wǔ fàn.) เรากินข้าวกลางวันตอน**เที่ยง**,我们**中午**吃午饭。,wǒ men **zhōng wǔ** chī wǔ fàn.,เรากินข้าวกลางวันตอน**เที่ยง**
chinese-essencial-in-communication-3-thai-shower,阵雨,,zhènyǔ,shower,ฝนปรอย,🌦️,今天有**阵雨**。 (Jīntiān yǒu **zhènyǔ**.) วันนี้มี**ฝนตกปรอยๆ**,今天有**阵雨**。,Jīntiān yǒu **zhènyǔ**.,วันนี้มี**ฝนตกปรอยๆ**
chinese-essencial-in-communication-3-thai-north-wind,北风,,běifēng,north wind,ลมเหนือ,⬆️,"**北风**吹过，天气很冷。 (**Běifēng** chuīguò, tiānqì hěn lěng.) **ลมเหนือ**พัดผ่าน อากาศหนาวมาก",**北风**吹过，天气很冷。,"**Běifēng** chuīguò, tiānqì hěn lěng.",**ลมเหนือ**พัดผ่าน อากาศหนาวมาก
chinese-essencial-in-communication-3-thai-force,级,,jí,force,ระดับ,💪,这是我的第一个**级**别。 (zhè shì wǒ de dì yī gè **jíbié**.) นี่คือระดับแรกของฉัน,这是我的第一个**级**别。,zhè shì wǒ de dì yī gè **jíbié**.,นี่คือระดับแรกของฉัน
chinese-essencial-in-communication-3-thai-most,最,,zuì,most,ที่สุด,⭐,这是**最**好的。 (Zhè shì **zuì** hǎo de.) นี่คือสิ่งที่ดีที่สุด,这是**最**好的。,Zhè shì **zuì** hǎo de.,นี่คือสิ่งที่ดีที่สุด
chinese-essencial-in-communication-3-thai-temperature,气温,,qìwēn,temperature,อุณหภูมิ,🌡️,今天的**气温**很高。 (Jīntiān de **qìwēn** hěn gāo.) วันนี้อากาศ**ร้อน**มาก,今天的**气温**很高。,Jīntiān de **qìwēn** hěn gāo.,วันนี้อากาศ**ร้อน**มาก
chinese-essencial-in-communication-3-thai-degree,度,,dù,degree,ระดับ,📏,今天的温度是二十五**度**。 (Jīntiān de wēndù shì èrshíwǔ **dù**.) วันนี้อุณหภูมิยี่สิบห้า**องศา**,今天的温度是二十五**度**。,Jīntiān de wēndù shì èrshíwǔ **dù**.,วันนี้อุณหภูมิยี่สิบห้า**องศา**
chinese-essencial-in-communication-3-thai-night-time,夜间,,yèjiān,night time,เวลากลางคืน,🌙,我在**夜间**工作。 (wǒ zài **yèjiān** gōngzuò.) ฉันทำงานใน**เวลากลางคืน**,我在**夜间**工作。,wǒ zài **yèjiān** gōngzuò.,ฉันทำงานใน**เวลากลางคืน**
chinese-essencial-in-communication-3-thai-morning,早上,,zǎoshang,morning,ตอนเช้า,🌅,我**早上**吃早餐。 (wǒ **zǎoshang** chī zǎocān.) ฉันกินอาหารเช้าใน**ตอนเช้า**,我**早上**吃早餐。,wǒ **zǎoshang** chī zǎocān.,ฉันกินอาหารเช้าใน**ตอนเช้า**
chinese-essencial-in-communication-3-thai-to-jog,跑步,,pǎobù,to jog,วิ่ง,🏃,我喜欢**跑步**。 (Wǒ xǐhuān **pǎobù**.) ฉันชอบ**วิ่ง**,我喜欢**跑步**。,Wǒ xǐhuān **pǎobù**.,ฉันชอบ**วิ่ง**
chinese-essencial-in-communication-3-thai-habit,习惯,,xíguàn,habit,เคยชิน,🧘,他**习惯**早起。 (Tā **xíguàn** zǎoqǐ.) เขา**เคยชิน**กับการตื่นเช้า,他**习惯**早起。,Tā **xíguàn** zǎoqǐ.,เขา**เคยชิน**กับการตื่นเช้า
chinese-essencial-in-communication-3-thai-to-take-exercise,锻炼,,duànliàn,to take exercise,ออกกำลังกาย,💪,我每天都**锻炼**身体。 (Wǒ měitiān dōu **duànliàn** shēntǐ.) ฉัน**ออกกำลังกาย**ทุกวัน,我每天都**锻炼**身体。,Wǒ měitiān dōu **duànliàn** shēntǐ.,ฉัน**ออกกำลังกาย**ทุกวัน
chinese-essencial-in-communication-3-thai-breakfast,早饭,,zǎofàn,breakfast,อาหารเช้า,🍳,我喜欢吃**早饭**。 (Wǒ xǐhuān chī **zǎofàn**.) ฉันชอบกิน**อาหารเช้า**,我喜欢吃**早饭**。,Wǒ xǐhuān chī **zǎofàn**.,ฉันชอบกิน**อาหารเช้า**
chinese-essencial-in-communication-3-thai-should,该,,gāi,should,ควร,🧭,你**该**走了。 (nǐ **gāi** zǒu le.) คุณ**ควร**ไปแล้ว,你**该**走了。,nǐ **gāi** zǒu le.,คุณ**ควร**ไปแล้ว
chinese-essencial-in-communication-3-thai-common,一般,,yìbān,common,ทั่วไป,👍,我**一般**早上七点起床。 (Wǒ **yībān** zǎoshang qī diǎn qǐchuáng.) ฉันตื่นนอนตอนเจ็ดโมงเช้า**โดยทั่วไป**,我**一般**早上七点起床。,Wǒ **yībān** zǎoshang qī diǎn qǐchuáng.,ฉันตื่นนอนตอนเจ็ดโมงเช้า**โดยทั่วไป**
chinese-essencial-in-communication-3-thai-used-in-a-declarative-sentence-for-emphasis,可,,kě,(used in a declarative sentence for emphasis),ได้,❗,我可以帮你。 (wǒ kěyǐ **bāng** nǐ.) ฉัน**ช่วย**คุณได้,我可以帮你。,wǒ kěyǐ **bāng** nǐ.,ฉัน**ช่วย**คุณได้
chinese-essencial-in-communication-3-thai-chinese-dish,中国菜,,Zhōngguó cài,Chinese dish,อาหารจีน,🍜,我喜欢吃**中国菜**。 (Wǒ xǐhuān chī **Zhōngguócài**.) ฉันชอบกิน**อาหารจีน**,我喜欢吃**中国菜**。,Wǒ xǐhuān chī **Zhōngguócài**.,ฉันชอบกิน**อาหารจีน**
chinese-essencial-in-communication-3-thai-taste-of-food,口味,,kǒuwèi,taste of food,รสชาติ,😋,这个菜的**口味**很好。 (Zhège càid de **kǒuwèi** hěn hǎo.) อาหารจานนี้มี**รสชาติ**ดีมาก,这个菜的**口味**很好。,Zhège càid de **kǒuwèi** hěn hǎo.,อาหารจานนี้มี**รสชาติ**ดีมาก
chinese-essencial-in-communication-3-thai-hot-spicy,辣,,là,"hot, spicy",เผ็ด,🌶️,这道菜很**辣**。 (Zhè dào cài hěn **là**.) อาหารจานนี้**เผ็ด**มาก,这道菜很**辣**。,Zhè dào cài hěn **là**.,อาหารจานนี้**เผ็ด**มาก
chinese-essencial-in-communication-3-thai-to-love,爱,,ài,to love,รัก,❤️,我**爱**你。 (wǒ **ài** nǐ.) ฉัน**รัก**คุณ,我**爱**你。,wǒ **ài** nǐ.,ฉัน**รัก**คุณ
chinese-essencial-in-communication-3-thai-sour-sweet,酸甜,,suāntián,sour-sweet,เปรี้ยวหวาน,🍬,这道菜尝起来**酸甜**可口。 (Zhè dào cài cháng qǐ lái **suāntián** kěkǒu.) อาหารจานนี้รสชาติ**เปรี้ยวหวาน**อร่อย,这道菜尝起来**酸甜**可口。,Zhè dào cài cháng qǐ lái **suāntián** kěkǒu.,อาหารจานนี้รสชาติ**เปรี้ยวหวาน**อร่อย
chinese-essencial-in-communication-3-thai-light,清淡,,qīngdàn,light,รสอ่อน,🥗,这道菜很**清淡**。 (Zhè dào cài hěn **qīngdàn**.) อาหารจานนี้**เบา**มาก,这道菜很**清淡**。,Zhè dào cài hěn **qīngdàn**.,อาหารจานนี้**เบา**มาก
chinese-essencial-in-communication-3-thai-greasy,油腻,,yóunì,greasy,มันเยิ้ม,🤢,这道菜有点**油腻**。 (Zhè dào cài yǒudiǎn **yóunì**.) อาหารจานนี้ค่อนข้าง**มันเยิ้ม**,这道菜有点**油腻**。,Zhè dào cài yǒudiǎn **yóunì**.,อาหารจานนี้ค่อนข้าง**มันเยิ้ม**
chinese-essencial-in-communication-3-thai-measure-word,只,,zhī,(measure word),แค่,🐾,我**只**喜欢你。 (Wǒ **zhǐ** xǐhuan nǐ.) ฉัน**แค่**ชอบคุณ,我**只**喜欢你。,Wǒ **zhǐ** xǐhuan nǐ.,ฉัน**แค่**ชอบคุณ
chinese-essencial-in-communication-3-thai-hand,手,,shǒu,hand,มือ,✋,我**手**上拿着一本书。 (wǒ **shǒu** shàng názhe yī běn shū.) ฉันถือหนังสืออยู่ในมือ (**มือ**).,我**手**上拿着一本书。,wǒ **shǒu** shàng názhe yī běn shū.,ฉันถือหนังสืออยู่ในมือ (**มือ**).
chinese-essencial-in-communication-3-thai-to-write,写,,xiě,to write,เขียน,✍️,我喜欢**写**字。 (Wǒ xǐhuān **xiě** zì.) ฉันชอบ**เขียน**หนังสือ,我喜欢**写**字。,Wǒ xǐhuān **xiě** zì.,ฉันชอบ**เขียน**หนังสือ
chinese-essencial-in-communication-3-thai-characters-written-with-a-writing-brush,毛笔字,,máobǐ zì,characters written with a writing brush,พู่กันจีน,🖌️,我喜欢写**毛笔字**。 (Wǒ xǐhuān xiě **máobǐzì**.) ฉันชอบเขียน**พู่กันจีน**,我喜欢写**毛笔字**。,Wǒ xǐhuān xiě **máobǐzì**.,ฉันชอบเขียน**พู่กันจีน**
chinese-essencial-in-communication-3-thai-chinese-writing-brush,毛笔,,máobǐ,Chinese writing brush,พู่กัน,🖋️,我用**毛笔**写字。 (Wǒ yòng **máobǐ** xiězì.) ฉันเขียนหนังสือด้วย**พู่กัน**,我用**毛笔**写字。,Wǒ yòng **máobǐ** xiězì.,ฉันเขียนหนังสือด้วย**พู่กัน**
chinese-essencial-in-communication-3-thai-character,字,,zì,character,ตัวอักษร,🔠,"这个**字**怎么写？ (Zhège **zì** zěnme xiě?) คำว่า ""**字**"" นี้เขียนอย่างไร",这个**字**怎么写？,Zhège **zì** zěnme xiě?,"คำว่า ""**字**"" นี้เขียนอย่างไร"
chinese-essencial-in-communication-3-thai-performance,演出,,yǎnchū,performance,การแสดง,🎭,这支乐队的**演出**很精彩。 (Zhè zhī yuèduì de **yǎnchū** hěn jīngcǎi.) การ**แสดง**ของวงดนตรีวงนี้ยอดเยี่ยมมาก,这支乐队的**演出**很精彩。,Zhè zhī yuèduì de **yǎnchū** hěn jīngcǎi.,การ**แสดง**ของวงดนตรีวงนี้ยอดเยี่ยมมาก
chinese-essencial-in-communication-3-thai-in-the-process-of,正在,,zhèngzài,in the process of,กำลัง,⏳,我**正在**学习中文。 (Wǒ **zhèngzài** xuéxí Zhōngwén.) ฉัน**กำลัง**เรียนภาษาจีน,我**正在**学习中文。,Wǒ **zhèngzài** xuéxí Zhōngwén.,ฉัน**กำลัง**เรียนภาษาจีน
chinese-essencial-in-communication-3-thai-to-practice,练习,,liànxí,to practice,การฝึกซ้อม,📚,我每天都**练习**说汉语。 (Wǒ měitiān dōu **liànxí** shuō Hànyǔ.) ฉัน**ฝึก**พูดภาษาจีนทุกวัน,我每天都**练习**说汉语。,Wǒ měitiān dōu **liànxí** shuō Hànyǔ.,ฉัน**ฝึก**พูดภาษาจีนทุกวัน
chinese-essencial-in-communication-3-thai-not-easy,不容易,,bù róngyì,not easy,ไม่ง่าย,😥,学中文**不容易**。 (Xué Zhōngwén **bù róngyì**.) การเรียนภาษาจีน**ไม่ง่าย**,学中文**不容易**。,Xué Zhōngwén **bù róngyì**.,การเรียนภาษาจีน**ไม่ง่าย**
chinese-essencial-in-communication-3-thai-easy,容易,,róngyì,easy,ง่าย,💡,学中文**容易**。 (xué zhōng wén **róngyì**.) เรียนภาษาจีนเป็นเรื่อง**ง่าย**,学中文**容易**。,xué zhōng wén **róngyì**.,เรียนภาษาจีนเป็นเรื่อง**ง่าย**
chinese-essencial-in-communication-3-thai-to-pour,倒,,dào,to pour,ล้ม,💧,请把水**倒**掉。 (qǐng bǎ shuǐ **dǎo** diào.) กรุณาเทน้ำทิ้งไป (เท),请把水**倒**掉。,qǐng bǎ shuǐ **dǎo** diào.,กรุณาเทน้ำทิ้งไป (เท)
chinese-essencial-in-communication-3-thai-cup-measure-word,杯,,bēi,cup (measure word),ถ้วย,☕,我有一**杯**水。 (Wǒ yǒu yī **bēi** shuǐ.) ฉันมีน้ำหนึ่ง**แก้ว**,我有一**杯**水。,Wǒ yǒu yī **bēi** shuǐ.,ฉันมีน้ำหนึ่ง**แก้ว**
chinese-essencial-in-communication-3-thai-right-now,在,,zài,right now,ที่,⌚,我**在**家。 (wǒ **zài** jiā.) ฉัน**อยู่**บ้าน,我**在**家。,wǒ **zài** jiā.,ฉัน**อยู่**บ้าน
chinese-essencial-in-communication-3-thai-modal-word,呀,,ya,(modal word),อ๊ะ,🗣️,是**呀**！ (shì **ya**!) ใช่**เลย**!,是**呀**！,shì **ya**!,ใช่**เลย**!
chinese-essencial-in-communication-3-thai-modal-word,呢,,ne,(modal word),นะ,💬,你吃了吗**呢**？ (Nǐ chīle ma**ne**?) คุณกินหรือยัง**นะ**?,你吃了吗**呢**？,Nǐ chīle ma**ne**?,คุณกินหรือยัง**นะ**?
chinese-essencial-in-communication-3-thai-to-disturb,打扰,,dǎrǎo,to disturb,รบกวน,🔇,"对不起，**打扰**了。 (Duìbuqǐ, **dǎrǎo** le.) ขอโทษที่**รบกวน**ครับ",对不起，**打扰**了。,"Duìbuqǐ, **dǎrǎo** le.",ขอโทษที่**รบกวน**ครับ
chinese-essencial-in-communication-3-thai-oneself,自己,,zìjǐ,oneself,ตัวเอง,👤,你应该**自己**做。 (nǐ yīng gāi **zì jǐ** zuò.) คุณควรทำด้วย**ตัวเอง**,你应该**自己**做。,nǐ yīng gāi **zì jǐ** zuò.,คุณควรทำด้วย**ตัวเอง**
chinese-essencial-in-communication-3-thai-station-stop,车站,,chēzhàn,"station, stop",สถานีรถไฟ,🚌,我在**车站**等你。 (Wǒ zài **chēzhàn** děng nǐ.) ฉันจะรอคุณที่**ป้ายรถเมล์**,我在**车站**等你。,Wǒ zài **chēzhàn** děng nǐ.,ฉันจะรอคุณที่**ป้ายรถเมล์**
chinese-essencial-in-communication-3-thai-the-entrance-to-a-hutong,胡同口儿,,hútòng kǒur,the entrance to a hutong,ปากซอย,➡️,我在**胡同口儿**等你。 (wǒ zài **hú tòng kǒu er** děng nǐ.) ฉันจะรอคุณอยู่ที่**ปากซอย**,我在**胡同口儿**等你。,wǒ zài **hú tòng kǒu er** děng nǐ.,ฉันจะรอคุณอยู่ที่**ปากซอย**
chinese-essencial-in-communication-3-thai-hutong-lane-alley,胡同,,hútòng,"hutong, lane, alley",ตรอก,🏘️,北京的**胡同**很有特色。 (Běijīng de **hútòng** hěn yǒu tèsè.) **ตรอก**ซอยในปักกิ่งมีเอกลักษณ์เฉพาะตัว,北京的**胡同**很有特色。,Běijīng de **hútòng** hěn yǒu tèsè.,**ตรอก**ซอยในปักกิ่งมีเอกลักษณ์เฉพาะตัว
chinese-essencial-in-communication-3-thai-downtown,市中心,,shì zhōngxīn,downtown,ใจกลางเมือง,🏙️,我在**市中心**工作。 (Wǒ zài **shì zhōng xīn** gōng zuò.) ฉันทำงานอยู่**ใจกลางเมือง**,我在**市中心**工作。,Wǒ zài **shì zhōng xīn** gōng zuò.,ฉันทำงานอยู่**ใจกลางเมือง**
chinese-essencial-in-communication-3-thai-center,中心,,zhōngxīn,center,ศูนย์กลาง,🎯,购物**中心**离我家很近。 (gòuwù **zhōngxīn** lí wǒ jiā hěn jìn.) ศูนย์การค้าอยู่ใกล้บ้านฉันมาก,购物**中心**离我家很近。,gòuwù **zhōngxīn** lí wǒ jiā hěn jìn.,ศูนย์การค้าอยู่ใกล้บ้านฉันมาก
chinese-essencial-in-communication-3-thai-seem-be-like,好像,,hǎoxiàng,"seem, be like",ดูเหมือนว่า,🧐,你**好像**很高兴。 (nǐ **hǎoxiàng** hěn gāoxìng.) คุณดูมีความสุข**เหมือนจะ**มาก,你**好像**很高兴。,nǐ **hǎoxiàng** hěn gāoxìng.,คุณดูมีความสุข**เหมือนจะ**มาก
chinese-essencial-in-communication-3-thai-green-plot,绿地,,lǜdì,green plot,พื้นที่สีเขียว,🌿,我们公园里有很大的**绿地**。 (Wǒmen gōngyuán lǐ yǒu hěn dà de **lǜdì**.) ในสวนสาธารณะของเรามีพื้นที่**สีเขียว**ขนาดใหญ่,我们公园里有很大的**绿地**。,Wǒmen gōngyuán lǐ yǒu hěn dà de **lǜdì**.,ในสวนสาธารณะของเรามีพื้นที่**สีเขียว**ขนาดใหญ่
chinese-essencial-in-communication-3-thai-garden,花园,,huāyuán,garden,สวน,🌸,我喜欢在**花园**里散步。 (Wǒ xǐhuān zài **huāyuán** lǐ sànbù.) ฉันชอบเดินเล่นใน**สวน**,我喜欢在**花园**里散步。,Wǒ xǐhuān zài **huāyuán** lǐ sànbù.,ฉันชอบเดินเล่นใน**สวน**
chinese-essencial-in-communication-3-thai-of-an-old-couple-husband-or-wife,老伴儿,,lǎobànr,(of an old couple) husband or wife,คู่ชีวิต,👵,我的**老伴儿**喜欢去公园散步。 (Wǒ de **lǎobànr** xǐhuān qù gōngyuán sànbù.) **คู่ชีวิต**ของฉันชอบไปเดินเล่นที่สวนสาธารณะ,我的**老伴儿**喜欢去公园散步。,Wǒ de **lǎobànr** xǐhuān qù gōngyuán sànbù.,**คู่ชีวิต**ของฉันชอบไปเดินเล่นที่สวนสาธารณะ
chinese-essencial-in-communication-3-thai-side,旁边,,pángbiān,side,ข้างๆ,➡️,我的书包在桌子**旁边**。 (wǒ de shūbāo zài zhuōzi **pángbiān**.) กระเป๋าของฉันอยู่**ข้างๆ**โต๊ะ,我的书包在桌子**旁边**。,wǒ de shūbāo zài zhuōzi **pángbiān**.,กระเป๋าของฉันอยู่**ข้างๆ**โต๊ะ
chinese-essencial-in-communication-3-thai-supermarket,超市,,chāoshì,supermarket,ซูเปอร์มาร์เก็ต,🛒,我去**超市**买菜。 (Wǒ qù **chāoshì** mǎi cài.) ฉันไปซื้อกับข้าวที่**ซูเปอร์มาร์เก็ต**,我去**超市**买菜。,Wǒ qù **chāoshì** mǎi cài.,ฉันไปซื้อกับข้าวที่**ซูเปอร์มาร์เก็ต**
chinese-essencial-in-communication-3-thai-restaurant,饭馆儿,,fànguǎnr,restaurant,ร้านอาหาร,🍽️,我们在**饭馆儿**吃饭。 (wǒ men zài **fànguǎnr** chīfàn.) เรากินข้าวที่**ร้านอาหาร**,我们在**饭馆儿**吃饭。,wǒ men zài **fànguǎnr** chīfàn.,เรากินข้าวที่**ร้านอาหาร**
chinese-essencial-in-communication-3-thai-to-taste,尝,,cháng,to taste,ชิม,👅,"你**尝**尝这个菜，很好吃。 (Nǐ **cháng** chang zhège cài, hěn hào chī.) คุณ**ลอง**ชิมอาหารจานนี้ดู อร่อยมาก",你**尝**尝这个菜，很好吃。,"Nǐ **cháng** chang zhège cài, hěn hào chī.",คุณ**ลอง**ชิมอาหารจานนี้ดู อร่อยมาก
chinese-essencial-in-communication-3-thai-house,房子,,fángzi,house,บ้าน,🏠,他買了一棟**房子**。 (Tā mǎile yī dòng **fángzi**.) เขาซื้อ**บ้าน**หนึ่งหลัง,他買了一棟**房子**。,Tā mǎile yī dòng **fángzi**.,เขาซื้อ**บ้าน**หนึ่งหลัง
chinese-essencial-in-communication-3-thai-suburban-district,郊区,,jiāoqū,suburban district,ชานเมือง,🌳,我住在**郊区**。 (Wǒ zhù zài **jiāoqū**.) ฉันอาศัยอยู่ใน**ชานเมือง**,我住在**郊区**。,Wǒ zhù zài **jiāoqū**.,ฉันอาศัยอยู่ใน**ชานเมือง**
chinese-essencial-in-communication-3-thai-beauty-parlor,美容院,,měiróngyuàn,beauty parlor,ร้านเสริมสวย,💅,我想去**美容院**。 (wǒ xiǎng qù **měiróngyuàn**.) ฉันอยากไป**ร้านเสริมสวย**,我想去**美容院**。,wǒ xiǎng qù **měiróngyuàn**.,ฉันอยากไป**ร้านเสริมสวย**
chinese-essencial-in-communication-3-thai-traffic,交通,,jiāotōng,traffic,การจราจร,🚦,北京的**交通**很方便。 (Běijīng de **jiāotōng** hěn fāngbiàn.) การ**คมนาคม**ในปักกิ่งสะดวกมาก,北京的**交通**很方便。,Běijīng de **jiāotōng** hěn fāngbiàn.,การ**คมนาคม**ในปักกิ่งสะดวกมาก
chinese-essencial-in-communication-3-thai-subway-station,地铁站,,dìtiě zhàn,subway station,สถานีรถไฟใต้ดิน,🚇,我在**地铁站**等你。 (Wǒ zài **dìtiězhàn** děng nǐ.) ฉันจะรอคุณที่**สถานีรถไฟใต้ดิน**,我在**地铁站**等你。,Wǒ zài **dìtiězhàn** děng nǐ.,ฉันจะรอคุณที่**สถานีรถไฟใต้ดิน**
chinese-essencial-in-communication-3-thai-town-city,城里,,chénglǐ,"town, city",ในเมือง,📍,我住在**城里**。 (Wǒ zhù zài **chéng lǐ**.) ฉันอาศัยอยู่ใน**เมือง**,我住在**城里**。,Wǒ zhù zài **chéng lǐ**.,ฉันอาศัยอยู่ใน**เมือง**
chinese-essencial-in-communication-3-thai-to-need-to-take,要,,yào,"to need, to take",ต้อง,⏳,我**要**去商店。 (wǒ **yào** qù shāngdiàn.) ฉัน**จะ**ไปร้านค้า,我**要**去商店。,wǒ **yào** qù shāngdiàn.,ฉัน**จะ**ไปร้านค้า
chinese-essencial-in-communication-3-thai-neighbor,邻居,,línjū,neighbor,เพื่อนบ้าน,🧑‍🤝‍🧑,我的**邻居**人很好。 (Wǒ de **línjū** rén hěn hǎo.) **เพื่อนบ้าน**ของฉันใจดีมาก,我的**邻居**人很好。,Wǒ de **línjū** rén hěn hǎo.,**เพื่อนบ้าน**ของฉันใจดีมาก
chinese-essencial-in-communication-3-thai-to-go-back,回,,huí,to go back,กลับ,🔙,我**回**家了。 (wǒ **huí** jiā le.) ฉัน**กลับ**บ้านแล้ว,我**回**家了。,wǒ **huí** jiā le.,ฉัน**กลับ**บ้านแล้ว
chinese-essencial-in-communication-3-thai-post-office,邮局,,yóujú,post office,ไปรษณีย์,📮,我去**邮局**寄信。 (wǒ qù **yóujú** jì xìn.) ฉันไป**ที่ทำการไปรษณีย์**เพื่อส่งจดหมาย,我去**邮局**寄信。,wǒ qù **yóujú** jì xìn.,ฉันไป**ที่ทำการไปรษณีย์**เพื่อส่งจดหมาย
chinese-essencial-in-communication-3-thai-to-fetch,取,,qǔ,to fetch,เอา,📥,我要**取**回我的书。 (Wǒ yào **qǔ** huí wǒ de shū.) ฉันต้องการ**เอา**หนังสือของฉันคืน,我要**取**回我的书。,Wǒ yào **qǔ** huí wǒ de shū.,ฉันต้องการ**เอา**หนังสือของฉันคืน
chinese-essencial-in-communication-3-thai-password,密码,,mìmǎ,password,รหัสผ่าน,🔒,请告诉我你的**密码**。 (Qǐng gào sù wǒ nǐ de **mìmǎ**.) โปรดบอก**รหัสผ่าน**ของคุณให้ฉันทราบ,请告诉我你的**密码**。,Qǐng gào sù wǒ nǐ de **mìmǎ**.,โปรดบอก**รหัสผ่าน**ของคุณให้ฉันทราบ
chinese-essencial-in-communication-3-thai-delivery-locker,快递柜,,kuàidìguì,delivery locker,ตู้รับพัสดุ,📦,包裹在**快递柜**里。 (Bāoguǒ zài **kuàidigùi** lǐ.) พัสดุอยู่ใน**ตู้เก็บของ**,包裹在**快递柜**里。,Bāoguǒ zài **kuàidigùi** lǐ.,พัสดุอยู่ใน**ตู้เก็บของ**
chinese-essencial-in-communication-3-thai-screen,屏幕,,píngmù,screen,หน้าจอ,🖥️,我的手机**屏幕**坏了。 (wǒ de shǒujī **píngmù** huàile.) หน้าจอโทรศัพท์ของฉันเสีย,我的手机**屏幕**坏了。,wǒ de shǒujī **píngmù** huàile.,หน้าจอโทรศัพท์ของฉันเสีย
chinese-essencial-in-communication-3-thai-to-fill-in,填,,tián,to fill in,กรอก,✍️,请**填**写表格。 (qǐng **tián** xiě biǎo gé.) กรุณา**กรอก**แบบฟอร์ม,请**填**写表格。,qǐng **tián** xiě biǎo gé.,กรุณา**กรอก**แบบฟอร์ม
chinese-essencial-in-communication-3-thai-chinese-dumpling,饺子,,jiǎozi,Chinese dumpling,เกี๊ยว,🥟,我喜欢吃**饺子**。 (Wǒ xǐhuān chī **jiǎozi**.) ฉันชอบกิน**เกี๊ยว**,我喜欢吃**饺子**。,Wǒ xǐhuān chī **jiǎozi**.,ฉันชอบกิน**เกี๊ยว**
chinese-essencial-in-communication-3-thai-just,刚,,gāng,just,เพิ่งจะ,⏱️,我**刚**到家。 (wǒ **gāng** dàojiā.) ฉันเพิ่ง**ถึง**บ้าน,我**刚**到家。,wǒ **gāng** dàojiā.,ฉันเพิ่ง**ถึง**บ้าน
chinese-essencial-in-communication-3-thai-relation,关系,,guānxi,relation,ความสัมพันธ์,🤝,今天是**阴天**。 (Jīntiān shì **yīntiān**.) วันนี้เป็นวัน**ท้องฟ้ามืดครึ้ม**,今天是**阴天**。,Jīntiān shì **yīntiān**.,วันนี้เป็นวัน**ท้องฟ้ามืดครึ้ม**
chinese-essencial-in-communication-3-thai-to-visit,看望,,kànwàng,to visit,เยี่ยม,🧑‍🤝‍🧑,我明天会去**看望**我的奶奶。 (Wǒ míngtiān huì qù **kànwàng** wǒ de nǎinai.) พรุ่งนี้ฉันจะไป**เยี่ยม**คุณย่าของฉัน,我明天会去**看望**我的奶奶。,Wǒ míngtiān huì qù **kànwàng** wǒ de nǎinai.,พรุ่งนี้ฉันจะไป**เยี่ยม**คุณย่าของฉัน
chinese-essencial-in-communication-3-thai-courtyard-house,四合院,,Sìhéyuàn,Courtyard house,บ้านจีนโบราณ,🏠,我家住在**四合院**里。 (Wǒ jiā zhù zài **sìhéyuàn** lǐ.) บ้านของฉันอยู่ใน**ซื่อเหอเยวี่ยน**,我家住在**四合院**里。,Wǒ jiā zhù zài **sìhéyuàn** lǐ.,บ้านของฉันอยู่ใน**ซื่อเหอเยวี่ยน**
chinese-essencial-in-communication-3-thai-courtyard,院儿,,yuànr,courtyard,"=AI(""Give the most accurate and common single Thai word or short phrase translation"",B107)",🪴,我们家的后**院儿**很大。 (Wǒmen jiā de hòu**yuànr** hěn dà.) สวนหลังบ้านของเราใหญ่มาก,我们家的后**院儿**很大。,Wǒmen jiā de hòu**yuànr** hěn dà.,สวนหลังบ้านของเราใหญ่มาก
chinese-essencial-in-communication-3-thai-north-facing-house,北房,,běifáng,north-facing house,บ้านทางเหนือ,↖️,我家住在**北房**。 (Wǒ jiā zhù zài **běi fáng**.) บ้านของฉันอยู่ทาง**ทิศเหนือ**,我家住在**北房**。,Wǒ jiā zhù zài **běi fáng**.,บ้านของฉันอยู่ทาง**ทิศเหนือ**
chinese-essencial-in-communication-3-thai-south-facing-house,南房,,nánfáng,south-facing house,ห้องใต้,↙️,我家在**南房**。 (Wǒ jiā zài **nánfáng**.) บ้านของฉันอยู่ทาง**ห้องใต้**,我家在**南房**。,Wǒ jiā zài **nánfáng**.,บ้านของฉันอยู่ทาง**ห้องใต้**
chinese-essencial-in-communication-3-thai-to-go-over,过去,,guòqu,to go over,ที่ผ่านมา,🚶,我**过去**常常去那里。 (Wǒ **guòqù** chángcháng qù nàlǐ.) ฉันเคยไปที่นั่นบ่อยๆ ใน**อดีต**,我**过去**常常去那里。,Wǒ **guòqù** chángcháng qù nàlǐ.,ฉันเคยไปที่นั่นบ่อยๆ ใน**อดีต**
chinese-essencial-in-communication-3-thai-to-post-to-send,寄,,jì,"to post, to send",ส่ง,📧,我把书**寄**给你。 (wǒ bǎ shū **jì** gěi nǐ.) ฉันจะ**ส่ง**หนังสือไปให้คุณ,我把书**寄**给你。,wǒ bǎ shū **jì** gěi nǐ.,ฉันจะ**ส่ง**หนังสือไปให้คุณ
chinese-essencial-in-communication-3-thai-measure-word-for-paper,张,,zhāng,(measure word for paper),ตระกูล,📄,这**张**桌子是我的。 (Zhè **zhāng** zhuōzi shì wǒ de.) โต๊ะตัว**นี้**เป็นของฉัน,这**张**桌子是我的。,Zhè **zhāng** zhuōzi shì wǒ de.,โต๊ะตัว**นี้**เป็นของฉัน
chinese-essencial-in-communication-3-thai-postcard,明信片,,míngxìnpiàn,postcard,โปสการ์ด,🖼️,我寄了一张**明信片**给我的朋友。 (Wǒ jìle yī zhāng **míngxìnpiàn** gěi wǒ de péngyǒu.) ฉันส่ง**ไปรษณียบัตร**ให้เพื่อนของฉัน,我寄了一张**明信片**给我的朋友。,Wǒ jìle yī zhāng **míngxìnpiàn** gěi wǒ de péngyǒu.,ฉันส่ง**ไปรษณียบัตร**ให้เพื่อนของฉัน
chinese-essencial-in-communication-3-thai-letter,信,,xìn,letter,จดหมาย,✉️,今天是**阴天**。 (Jīntiān shì **yīntiān**.) วันนี้เป็น**วันฟ้าครึ้ม**,今天是**阴天**。,Jīntiān shì **yīntiān**.,วันนี้เป็น**วันฟ้าครึ้ม**
chinese-essencial-in-communication-3-thai-water-transport,水路,,shuǐlù,water transport,เส้นทางน้ำ,🚢,这条**水路**很窄。 (Zhè tiáo **shuǐlù** hěn zhǎi.) ทาง**น้ำ**แคบมาก,这条**水路**很窄。,Zhè tiáo **shuǐlù** hěn zhǎi.,ทาง**น้ำ**แคบมาก
chinese-essencial-in-communication-3-thai-air-transport,航空,,hángkōng,air transport,การบิน,✈️,中国**航空**公司很大。 (Zhōngguó **hángkōng** gōngsī hěn dà.) บริษัท **การบิน** ของจีนใหญ่มาก,中国**航空**公司很大。,Zhōngguó **hángkōng** gōngsī hěn dà.,บริษัท **การบิน** ของจีนใหญ่มาก
chinese-essencial-in-communication-3-thai-stamp,邮票,,yóupiào,stamp,แสตมป์,🏷️,我喜欢收集**邮票**。 (Wǒ xǐhuān shōují **yóupiào**.) ฉันชอบสะสม**แสตมป์**,我喜欢收集**邮票**。,Wǒ xǐhuān shōují **yóupiào**.,ฉันชอบสะสม**แสตมป์**
chinese-essencial-in-communication-3-thai-parcel,包裹,,bāoguǒ,parcel,พัสดุ,🎁,这个**包裹**很重。 (Zhège **bāoguǒ** hěn zhòng.) **พัสดุ**นี้หนักมาก,这个**包裹**很重。,Zhège **bāoguǒ** hěn zhòng.,**พัสดุ**นี้หนักมาก
chinese-essencial-in-communication-3-thai-to-need,需要,,xūyào,to need,ต้องการ,🙏,我**需要**去洗手间。 (Wǒ **xūyào** qù xǐshǒujiān.) ฉัน**ต้องการ**ไปห้องน้ำ,我**需要**去洗手间。,Wǒ **xūyào** qù xǐshǒujiān.,ฉัน**ต้องการ**ไปห้องน้ำ
chinese-essencial-in-communication-3-thai-how-long,多长时间,,duō cháng shíjiān,how long,นานแค่ไหน,❓,你学中文**多长时间**了？ (nǐ xué zhōngwén **duō cháng shíjiān** le?) คุณเรียนภาษาจีนมา**นานแค่ไหน**แล้ว?,你学中文**多长时间**了？,nǐ xué zhōngwén **duō cháng shíjiān** le?,คุณเรียนภาษาจีนมา**นานแค่ไหน**แล้ว?
chinese-essencial-in-communication-3-thai-long,长,,cháng,long,ยาว,📏,她有**长**头发。 (Tā yǒu **cháng** tóufa.) เธอมีผม**ยาว**,她有**长**头发。,Tā yǒu **cháng** tóufa.,เธอมีผม**ยาว**
chinese-essencial-in-communication-3-thai-express-delivery,特快专递,,tèkuài zhuǎndì,express delivery,ไปรษณีย์ด่วนพิเศษ,🚀,我需要寄一份**特快专递**到上海。 (wǒ xū yào jì yī fèn **tè kuài zhuān dì** dào shàng hǎi.) ฉันต้องการส่งพัสดุ**ด่วนพิเศษ**ไปเซี่ยงไฮ้,我需要寄一份**特快专递**到上海。,wǒ xū yào jì yī fèn **tè kuài zhuān dì** dào shàng hǎi.,ฉันต้องการส่งพัสดุ**ด่วนพิเศษ**ไปเซี่ยงไฮ้
chinese-essencial-in-communication-3-thai-tea,茶叶,,cháyè,tea,ใบชา,🍵,我喜欢喝**茶叶**。 (wǒ xǐhuan hē **cháyè**.) ฉันชอบดื่ม**ชา**,我喜欢喝**茶叶**。,wǒ xǐhuan hē **cháyè**.,ฉันชอบดื่ม**ชา**
chinese-essencial-in-communication-3-thai-to-weigh,称,,chēng,to weigh,เรียกว่า,⚖️,他**称**赞这道菜很好吃。 (Tā **chēng**zàn zhè dào cài hěn hào chī.) เขา**ชื่นชม**ว่าอาหารจานนี้อร่อยมาก,他**称**赞这道菜很好吃。,Tā **chēng**zàn zhè dào cài hěn hào chī.,เขา**ชื่นชม**ว่าอาหารจานนี้อร่อยมาก
chinese-essencial-in-communication-3-thai-fast-mail,快递,,kuàidì,fast mail,ส่งด่วน,🏍️,我要寄**快递**。 (wǒ yào jì **kuài dì**.) ฉันต้องการส่ง**พัสดุ**ด่วน,我要寄**快递**。,wǒ yào jì **kuài dì**.,ฉันต้องการส่ง**พัสดุ**ด่วน
chinese-essencial-in-communication-3-thai-week,周,,zhōu,week,สัปดาห์,🗓️,今天我**周**游世界。 (Jīntiān wǒ **zhōu**yóu shìjiè.) วันนี้ฉันท่องเที่ยวรอบโลก**_**,今天我**周**游世界。,Jīntiān wǒ **zhōu**yóu shìjiè.,วันนี้ฉันท่องเที่ยวรอบโลก**_**
chinese-essencial-in-communication-3-thai-parcel-form,包裹单,,bāoguǒdān,parcel form,ใบส่งของ,📝,请给我您的**包裹单**。 (Qǐng gěi wǒ nín de **bāoguǒdān**.) โปรดให้ **ใบนำส่งพัสดุ** ของคุณกับฉัน,请给我您的**包裹单**。,Qǐng gěi wǒ nín de **bāoguǒdān**.,โปรดให้ **ใบนำส่งพัสดุ** ของคุณกับฉัน
chinese-essencial-in-communication-3-thai-addressee,收件人,,shōujiànrén,addressee,ผู้รับ,🏷️,请填写**收件人**的地址。 (qǐng tiánxiě **shōujiànrén** de dìzhǐ.) กรุณากรอกที่อยู่ของ**ผู้รับ**,请填写**收件人**的地址。,qǐng tiánxiě **shōujiànrén** de dìzhǐ.,กรุณากรอกที่อยู่ของ**ผู้รับ**
chinese-essencial-in-communication-3-thai-address,地址,,dìzhǐ,address,ที่อยู่,🗺️,我的**地址**是北京路1号。 (wǒ de **dì zhǐ** shì běi jīng lù yī hào.) ที่อยู่ของฉันคือถนนปักกิ่งหมายเลข 1.,我的**地址**是北京路1号。,wǒ de **dì zhǐ** shì běi jīng lù yī hào.,ที่อยู่ของฉันคือถนนปักกิ่งหมายเลข 1.
chinese-essencial-in-communication-3-thai-what-a-coincidence,真巧,,zhēn qiǎo,what a coincidence,บังเอิญ,😮,今天真巧。 (Jīntiān zhēn **qiǎo**.) **วันนี้**บังเอิญจัง,今天真巧。,Jīntiān zhēn **qiǎo**.,**วันนี้**บังเอิญจัง
chinese-essencial-in-communication-3-thai-us-dollar,美元,,Měiyuán,US dollar,ดอลลาร์สหรัฐ,💵,这是**美元**。 (Zhè shì **měiyuán**.) นี่คือ**ดอลลาร์**,这是**美元**。,Zhè shì **měiyuán**.,นี่คือ**ดอลลาร์**
chinese-essencial-in-communication-3-thai-exchange-rate,汇率,,huìlǜ,exchange rate,อัตราแลกเปลี่ยน,💱,今天的**汇率**是多少？ (Jīntiān de **huìlǜ** shì duōshǎo?) วันนี้**อัตราแลกเปลี่ยน**เท่าไหร่?,今天的**汇率**是多少？,Jīntiān de **huìlǜ** shì duōshǎo?,วันนี้**อัตราแลกเปลี่ยน**เท่าไหร่?
chinese-essencial-in-communication-3-thai-to-exchange,换,,huàn,to exchange,เปลี่ยน,↔️,请帮我**换**一下零钱。 (Qǐng bāng wǒ **huàn** yīxià língqián.) กรุณาช่วยฉัน**แลก**เงินหน่อย,请帮我**换**一下零钱。,Qǐng bāng wǒ **huàn** yīxià língqián.,กรุณาช่วยฉัน**แลก**เงินหน่อย
chinese-essencial-in-communication-3-thai-japanese-yen,日元,,Rìyuán,Japanese yen,เยน,💴,我需要把美元换成**日元**。 (Wǒ xūyào bǎ měiyuán huànchéng **rìyuán**.) ฉันต้องการแลกเงินดอลลาร์เป็น**เยน**,我需要把美元换成**日元**。,Wǒ xūyào bǎ měiyuán huànchéng **rìyuán**.,ฉันต้องการแลกเงินดอลลาร์เป็น**เยน**
chinese-essencial-in-communication-3-thai-yesterday,昨天,,zuótiān,yesterday,เมื่อวาน,⏪,我**昨天**去学校了。 (Wǒ **zuótiān** qù xuéxiàole.) ฉันไปโรงเรียนมา**เมื่อวานนี้**,我**昨天**去学校了。,Wǒ **zuótiān** qù xuéxiàole.,ฉันไปโรงเรียนมา**เมื่อวานนี้**
chinese-essencial-in-communication-3-thai-same,一样,,yīyàng,same,เหมือนกัน,👯,你和我长得**一样**。 (Nǐ hé wǒ zhǎng de **yīyàng**.) คุณกับฉันหน้าตา**เหมือนกัน**,你和我长得**一样**。,Nǐ hé wǒ zhǎng de **yīyàng**.,คุณกับฉันหน้าตา**เหมือนกัน**
chinese-essencial-in-communication-3-thai-department-store,百货商场,,bǎihuò shāngchǎng,department store,ห้างสรรพสินค้า,🛍️,我喜欢去**百货商场**买东西。 (Wǒ xǐhuān qù **bǎihuò shāngchǎng** mǎi dōngxi.) ฉันชอบไปซื้อของที่**ห้างสรรพสินค้า**,我喜欢去**百货商场**买东西。,Wǒ xǐhuān qù **bǎihuò shāngchǎng** mǎi dōngxi.,ฉันชอบไปซื้อของที่**ห้างสรรพสินค้า**
chinese-essencial-in-communication-3-thai-market-mall,商场,,shāngchǎng,"market, mall",ห้างสรรพสินค้า,🏬,我去**商场**买东西。 (Wǒ qù **shāngchǎng** mǎi dōngxi.) ฉันไปซื้อของที่**ห้างสรรพสินค้า**,我去**商场**买东西。,Wǒ qù **shāngchǎng** mǎi dōngxi.,ฉันไปซื้อของที่**ห้างสรรพสินค้า**
chinese-essencial-in-communication-3-thai-clothes-clothing,衣服,,yīfu,"clothes, clothing",เสื้อผ้า,👕,这件**衣服**很漂亮。 (zhè jiàn **yī fú** hěn piào liang.) ชุดนี้สวยมาก,这件**衣服**很漂亮。,zhè jiàn **yī fú** hěn piào liang.,ชุดนี้สวยมาก
chinese-essencial-in-communication-3-thai-franchised-store,专卖店,,zhuānmàidiàn,franchised store,ร้านเฉพาะ,💎,这是一家电器**专卖店**。 (Zhè shì yī jiā diànqì **zhuānmàidiàn**.) นี่คือร้านค้า**เฉพาะทาง**เครื่องใช้ไฟฟ้า,这是一家电器**专卖店**。,Zhè shì yī jiā diànqì **zhuānmàidiàn**.,นี่คือร้านค้า**เฉพาะทาง**เครื่องใช้ไฟฟ้า
chinese-essencial-in-communication-3-thai-sometimes,有时候,,yǒu shíhou,sometimes,บางครั้ง,🤷,我**有时候**会去公园散步。 (Wǒ **yǒushíhou** huì qù gōngyuán sànbù.) บางครั้งฉันจะไปเดินเล่นที่สวนสาธารณะ,我**有时候**会去公园散步。,Wǒ **yǒushíhou** huì qù gōngyuán sànbù.,บางครั้งฉันจะไปเดินเล่นที่สวนสาธารณะ
chinese-essencial-in-communication-3-thai-customize,定做,,dìngzuò,customize,สั่งทำ,🧵,我们可以为你**定做**一套西装。 (Wǒmen kěyǐ wéi nǐ **dìngzuò** yī tào xīzhuāng.) เราสามารถ**ตัดชุด**สูทให้คุณได้,我们可以为你**定做**一套西装。,Wǒmen kěyǐ wéi nǐ **dìngzuò** yī tào xīzhuāng.,เราสามารถ**ตัดชุด**สูทให้คุณได้
chinese-essencial-in-communication-3-thai-similar,差不多,,chàbuduō,similar,เกือบจะ,🆗,我的中文**差不多**。 (Wǒ de Zhōngwén **chàbuduō**.) ภาษาจีนของฉัน**เกือบจะ**ดีแล้ว,我的中文**差不多**。,Wǒ de Zhōngwén **chàbuduō**.,ภาษาจีนของฉัน**เกือบจะ**ดีแล้ว
chinese-essencial-in-communication-3-thai-to-deposit-money,存钱,,cún qián,to deposit money,เก็บเงิน,💰,我每个月都会**存钱**。 (Wǒ měi gè yuè dōu huì **cúnqián**.) ฉันจะ**เก็บเงิน**ทุกเดือน,我每个月都会**存钱**。,Wǒ měi gè yuè dōu huì **cúnqián**.,ฉันจะ**เก็บเงิน**ทุกเดือน
chinese-essencial-in-communication-3-thai-to-deposit,存,,cún,to deposit,เก็บ,🏦,请把钱**存**起来。 (Qǐng bǎ qián **cún** qǐlái.) กรุณา**เก็บ**เงินไว้,请把钱**存**起来。,Qǐng bǎ qián **cún** qǐlái.,กรุณา**เก็บ**เงินไว้
chinese-essencial-in-communication-3-thai-foreign-currency,外币,,wàibì,foreign currency,เงินตราต่างประเทศ,🌐,我需要兑换**外币**。 (Wǒ xūyào duìhuàn **wàibì**.) ฉันต้องการแลกเปลี่ยน**สกุลเงินต่างประเทศ**,我需要兑换**外币**。,Wǒ xūyào duìhuàn **wàibì**.,ฉันต้องการแลกเปลี่ยน**สกุลเงินต่างประเทศ**
chinese-essencial-in-communication-3-thai-bank-card,银行卡,,yínhángkǎ,bank card,บัตรเครดิต,💳,我需要一张**银行卡**。 (wǒ xū yào yī zhāng **yín háng kǎ**.) ฉันต้องการ**บัตรธนาคาร**,我需要一张**银行卡**。,wǒ xū yào yī zhāng **yín háng kǎ**.,ฉันต้องการ**บัตรธนาคาร**
chinese-essencial-in-communication-3-thai-to-manage,办,,bàn,to manage,ทำ,📝,"你**办**事，我放心。 (nǐ **bàn** shì, wǒ fàngxīn.) คุณ**จัดการ**เรื่องนี้ ผมวางใจ",你**办**事，我放心。,"nǐ **bàn** shì, wǒ fàngxīn.",คุณ**จัดการ**เรื่องนี้ ผมวางใจ
chinese-essencial-in-communication-3-thai-to-set-up,设置,,shèzhì,to set up,ตั้งค่า,⚙️,请**设置**一个闹钟。 (Qǐng **shèzhì** yīgè náozhōng.) กรุณา**ตั้ง**นาฬิกาปลุก,请**设置**一个闹钟。,Qǐng **shèzhì** yīgè náozhōng.,กรุณา**ตั้ง**นาฬิกาปลุก
chinese-essencial-in-communication-3-thai-to-withdraw-money,取钱,,qǔ qián,to withdraw money,ถอนเงิน,🏧,我要去银行**取钱**。 (Wǒ yào qù yínháng **qǔqián**.) ฉันจะไปธนาคารเพื่อ**ถอนเงิน**,我要去银行**取钱**。,Wǒ yào qù yínháng **qǔqián**.,ฉันจะไปธนาคารเพื่อ**ถอนเงิน**
chinese-essencial-in-communication-3-thai-overcoat,大衣,,dàyī,overcoat,เสื้อโค้ต,🧥,我穿上**大衣**去上班。 (wǒ chuān shàng **dàyī** qù shàngbān.) ฉันใส่**เสื้อโค้ท**ไปทำงาน,我穿上**大衣**去上班。,wǒ chuān shàng **dàyī** qù shàngbān.,ฉันใส่**เสื้อโค้ท**ไปทำงาน
chinese-essencial-in-communication-3-thai-to-suggest,建议,,jiànyì,to suggest,แนะนำ,🗣️,我有一个**建议**。 (Wǒ yǒu yí ge **jiànyì**.) ฉันมีข้อ**เสนอแนะ**,我有一个**建议**。,Wǒ yǒu yí ge **jiànyì**.,ฉันมีข้อ**เสนอแนะ**
chinese-essencial-in-communication-3-thai-youth,年轻人,,niánqīngrén,youth,คนหนุ่มสาว,🧑‍🤝‍🧑,我看到一群**年轻人**。 (wǒ kàn dào yī qún **niánqīngrén**.) ฉันเห็น**คนหนุ่มสาว**กลุ่มหนึ่ง,我看到一群**年轻人**。,wǒ kàn dào yī qún **niánqīngrén**.,ฉันเห็น**คนหนุ่มสาว**กลุ่มหนึ่ง
chinese-essencial-in-communication-3-thai-price,价钱,,jiàqián,price,ราคา,💲,这个苹果的**价钱**是多少？ (Zhège píngguǒ de **jiàqián** shì duōshao?) แอปเปิ้ลลูกนี้ราคาเท่าไหร่**คะ**?,这个苹果的**价钱**是多少？,Zhège píngguǒ de **jiàqián** shì duōshao?,แอปเปิ้ลลูกนี้ราคาเท่าไหร่**คะ**?
chinese-essencial-in-communication-3-thai-gift,礼物,,lǐwù,gift,ของขวัญ,🎁,我买了一个**礼物**送给她。 (Wǒ mǎi le yī gè **lǐwù** sòng gěi tā.) ฉันซื้อ**ของขวัญ**ให้เธอ,我买了一个**礼物**送给她。,Wǒ mǎi le yī gè **lǐwù** sòng gěi tā.,ฉันซื้อ**ของขวัญ**ให้เธอ
chinese-essencial-in-communication-3-thai-to-go-shopping,逛街,,guàngjiē,to go shopping,เดินช้อปปิ้ง,🛍️,我喜欢和朋友一起去**逛街**。 (Wǒ xǐhuān hé péngyǒu yīqǐ qù **guàngjiē**.) ฉันชอบไป**เดินช้อปปิ้ง**กับเพื่อน,我喜欢和朋友一起去**逛街**。,Wǒ xǐhuān hé péngyǒu yīqǐ qù **guàngjiē**.,ฉันชอบไป**เดินช้อปปิ้ง**กับเพื่อน
chinese-essencial-in-communication-3-thai-second-hand-store,旧货商店,,jiùhuò shāngdiàn,second-hand store,ร้านขายของเก่า,♻️,我喜欢去**旧货商店**淘旧物。 (wǒ xǐhuān qù **jiùhuò shāngdiàn** táo jiùwù.) ฉันชอบไปร้านขายของเก่าเพื่อหาของเก่า,我喜欢去**旧货商店**淘旧物。,wǒ xǐhuān qù **jiùhuò shāngdiàn** táo jiùwù.,ฉันชอบไปร้านขายของเก่าเพื่อหาของเก่า
chinese-essencial-in-communication-3-thai-to-stroll,逛,,guàng,to stroll,เดินเล่น,🚶,我喜欢**逛**街。 (Wǒ xǐhuān **guàng** jiē.) ฉันชอบ**เดินเล่น**,我喜欢**逛**街。,Wǒ xǐhuān **guàng** jiē.,ฉันชอบ**เดินเล่น**
chinese-essencial-in-communication-3-thai-old,老,,lǎo,old,แก่,👴,他是一个**老**人。 (Tā shì yī gè **lǎo** rén.) เขาเป็นคน**แก่**,他是一个**老**人。,Tā shì yī gè **lǎo** rén.,เขาเป็นคน**แก่**
chinese-essencial-in-communication-3-thai-record,唱片,,chàngpiàn,record,แผ่นเสียง,💿,我喜欢听**唱片**。 (Wǒ xǐhuān tīng **chàngpiàn**.) ฉันชอบฟัง**แผ่นเสียง**,我喜欢听**唱片**。,Wǒ xǐhuān tīng **chàngpiàn**.,ฉันชอบฟัง**แผ่นเสียง**
chinese-essencial-in-communication-3-thai-old-fashioned,老式,,lǎoshì,old-fashioned,เก่า,🕰️,这是一款很**老式**的收音机。 (Zhè shì yī kuǎn hěn **lǎoshì** de shōuyīnjī.) นี่คือวิทยุที่**ล้าสมัย**มาก,这是一款很**老式**的收音机。,Zhè shì yī kuǎn hěn **lǎoshì** de shōuyīnjī.,นี่คือวิทยุที่**ล้าสมัย**มาก
chinese-essencial-in-communication-3-thai-camera,照相机,,zhàoxiàngjī,camera,กล้องถ่ายรูป,📸,我有一个**照相机**。 (wǒ yǒu yí gè **zhàoxiàngjī**。) ฉันมี**กล้องถ่ายรูป**,我有一个**照相机**。,wǒ yǒu yí gè **zhàoxiàngjī**。,ฉันมี**กล้องถ่ายรูป**
chinese-essencial-in-communication-3-thai-complexion-face,脸色,,liǎnsè,"complexion, face",สีหน้า,😔,他的**脸色**苍白。 (tā de **liǎnsè** cāngbái.) สีหน้าของเขา**ซีด**ขาว,他的**脸色**苍白。,tā de **liǎnsè** cāngbái.,สีหน้าของเขา**ซีด**ขาว
chinese-essencial-in-communication-3-thai-to-catch-a-cold,感冒,,gǎnmào,to catch a cold,เป็นหวัด,🤧,我**感冒**了。 (wǒ **gǎnmào** le.) ฉัน**เป็นหวัด**,我**感冒**了。,wǒ **gǎnmào** le.,ฉัน**เป็นหวัด**
chinese-essencial-in-communication-3-thai-serious,严重,,yánzhòng,serious,ร้ายแรง,⚠️,这个问题很**严重**。 (Zhè ge wèn tí hěn **yán zhòng**.) ปัญหานี้**ร้ายแรง**มาก,这个问题很**严重**。,Zhè ge wèn tí hěn **yán zhòng**.,ปัญหานี้**ร้ายแรง**มาก
chinese-essencial-in-communication-3-thai-throat,嗓子,,sǎngzi,throat,ลำคอ,🗣️,他**嗓子**疼。 (Tā **sǎngzi** téng.) เขาเจ็บ**คอ**,他**嗓子**疼。,Tā **sǎngzi** téng.,เขาเจ็บ**คอ**
chinese-essencial-in-communication-3-thai-hurt,疼,,téng,hurt,ปวด,🤕,我腿很**疼**。 (wǒ tuǐ hěn **téng**.) ขาของฉันเจ็บมาก**เจ็บ**,我腿很**疼**。,wǒ tuǐ hěn **téng**.,ขาของฉันเจ็บมาก**เจ็บ**
chinese-essencial-in-communication-3-thai-to-have-a-fever,发烧,,fāshāo,to have a fever,มีไข้,🔥,他**发烧**了。 (tā **fāshāo** le.) เขา**เป็นไข้**,他**发烧**了。,tā **fāshāo** le.,เขา**เป็นไข้**
chinese-essencial-in-communication-3-thai-to-register,挂号,,guà hào,to register,ลงทะเบียน,📋,请您先去**挂号**。 (Qǐng nín xiān qù **guàhào**.) กรุณาไปที่แผนก**ลงทะเบียน**ก่อน,请您先去**挂号**。,Qǐng nín xiān qù **guàhào**.,กรุณาไปที่แผนก**ลงทะเบียน**ก่อน
chinese-essencial-in-communication-3-thai-to-register,挂,,guà,to register,แขวน,🏷️,我把衣服**挂**在衣架上。 (Wǒ bǎ yīfu **guà** zài yījià shàng.) ฉัน**แขวน**เสื้อผ้าบนไม้แขวนเสื้อ,我把衣服**挂**在衣架上。,Wǒ bǎ yīfu **guà** zài yījià shàng.,ฉัน**แขวน**เสื้อผ้าบนไม้แขวนเสื้อ
chinese-essencial-in-communication-3-thai-section,科,,kē,section,แผนก,🏥,你主修什么**科**？ (nǐ zhǔ xiū shén me **kē**?) คุณเรียนวิชาเอกอะไร**คะ**?,你主修什么**科**？,nǐ zhǔ xiū shén me **kē**?,คุณเรียนวิชาเอกอะไร**คะ**?
chinese-essencial-in-communication-3-thai-internal-medicine,内科,,nèikē,internal medicine,อายุรกรรม,🩺,他是**内科**医生。 (Tā shì **nèikē** yīshēng.) เขาเป็นแพทย์**อายุรศาสตร์**,他是**内科**医生。,Tā shì **nèikē** yīshēng.,เขาเป็นแพทย์**อายุรศาสตร์**
chinese-essencial-in-communication-3-thai-surgical-department,外科,,wàikē,surgical department,ศัลยกรรม,🔪,他是一名**外科**医生。 (Tā shì yī míng **wàikē** yīshēng.) เขาเป็นหมอ**ศัลยแพทย์**,他是一名**外科**医生。,Tā shì yī míng **wàikē** yīshēng.,เขาเป็นหมอ**ศัลยแพทย์**
chinese-essencial-in-communication-3-thai-head,头,,tóu,head,หัว,🧠,我的**头**很痛。 (wǒ de **tóu** hěn tòng.) ฉันปวด**หัว**มาก,我的**头**很痛。,wǒ de **tóu** hěn tòng.,ฉันปวด**หัว**มาก
chinese-essencial-in-communication-3-thai-to-cough,咳嗽,,késou,to cough,ไอ,🤧,我**咳嗽**了。 (Wǒ **késou** le.) ฉัน**ไอ**,我**咳嗽**了。,Wǒ **késou** le.,ฉัน**ไอ**
chinese-essencial-in-communication-3-thai-to-measure,量,,liáng,to measure,ปริมาณ,📏,你的衣服有**量**吗？ (nǐ de yīfu yǒu **liàng** ma?) เสื้อผ้าของคุณมี**ปริมาณ**ไหม,你的衣服有**量**吗？,nǐ de yīfu yǒu **liàng** ma?,เสื้อผ้าของคุณมี**ปริมาณ**ไหม
chinese-essencial-in-communication-3-thai-temperature,体温,,tǐwēn,temperature,อุณหภูมิร่างกาย,🌡️,量一下**体温**。 (liáng yī xià **tǐwēn**.) วัด**อุณหภูมิ**หน่อย,量一下**体温**。,liáng yī xià **tǐwēn**.,วัด**อุณหภูมิ**หน่อย
chinese-essencial-in-communication-3-thai-to-take-medicine,吃药,,chī yào,to take medicine,กินยา,💊,我需要**吃药**。 (wǒ xūyào **chīyào**.) ฉันต้อง**กินยา**,我需要**吃药**。,wǒ xūyào **chīyào**.,ฉันต้อง**กินยา**
chinese-essencial-in-communication-3-thai-medicine,药,,yào,medicine,ยา,🧪,你吃**药**了吗？ (Nǐ chī **yào** le ma?) คุณกิน**ยา**หรือยัง?,你吃**药**了吗？,Nǐ chī **yào** le ma?,คุณกิน**ยา**หรือยัง?
chinese-essencial-in-communication-3-thai-measure-word,片,,piàn,(measure word),ชิ้น,⬜,给我一片西瓜。 (Gěi wǒ yī piàn **xīguā**.) ขอ**แตงโม**ชิ้นหนึ่ง,给我一片西瓜。,Gěi wǒ yī piàn **xīguā**.,ขอ**แตงโม**ชิ้นหนึ่ง
chinese-essencial-in-communication-3-thai-antiphlogistic-drug,消炎药,,xiāoyán yào,antiphlogistic drug,ยาแก้อักเสบ,🛡️,我需要**消炎药**。 (Wǒ xūyào **xiāoyányào**.) ฉันต้องการ**ยาแก้อักเสบ**,我需要**消炎药**。,Wǒ xūyào **xiāoyányào**.,ฉันต้องการ**ยาแก้อักเสบ**
chinese-essencial-in-communication-3-thai-to-get-inflamed,发炎,,fāyán,to get inflamed,อักเสบ,🔴,我的喉咙**发炎**了。 (Wǒ de hóulóng **fāyán** le.) เจ็บคอของฉัน**อักเสบ**แล้ว,我的喉咙**发炎**了。,Wǒ de hóulóng **fāyán** le.,เจ็บคอของฉัน**อักเสบ**แล้ว
chinese-essencial-in-communication-3-thai-effect,效果,,xiàoguǒ,effect,"ผล, อิทธิพล, ประสิทธิภาพ",✨,这个药的**效果**很好。 (Zhège yào de **xiàoguǒ** hěn hǎo.) ยาตัวนี้มี**ประสิทธิภาพ**ดีมาก,这个药的**效果**很好。,Zhège yào de **xiàoguǒ** hěn hǎo.,ยาตัวนี้มี**ประสิทธิภาพ**ดีมาก
chinese-essencial-in-communication-3-thai-western-medicine,西药,,xīyào,Western medicine,ยาฝรั่ง,💊,医生开了**西药**给我。 (Yīshēng kāile **xīyào** gěi wǒ.) หมอสั่ง**ยาแผนปัจจุบัน**ให้ฉัน,医生开了**西药**给我。,Yīshēng kāile **xīyào** gěi wǒ.,หมอสั่ง**ยาแผนปัจจุบัน**ให้ฉัน
chinese-essencial-in-communication-3-thai-traditional-chinese-medicine,中药,,zhōngyào,traditional Chinese medicine,ยาจีน,🌿,今天是一个**阴天**。 (Jīntiān shì yí ge **yīntiān**.) วันนี้เป็นวัน**ที่มืดครึ้ม**,今天是一个**阴天**。,Jīntiān shì yí ge **yīntiān**.,วันนี้เป็นวัน**ที่มืดครึ้ม**
chinese-essencial-in-communication-3-thai-measure-word,粒,,lì,(measure word),เม็ด,🟡,这瓶水里有**粒**沙子。 (Zhè píng shuǐ lǐ yǒu **lì** shāzi.) ในขวดน้ำนี้มีทรายอยู่เป็น**เม็ด**,这瓶水里有**粒**沙子。,Zhè píng shuǐ lǐ yǒu **lì** shāzi.,ในขวดน้ำนี้มีทรายอยู่เป็น**เม็ด**
chinese-essencial-in-communication-3-thai-before-meal,饭前,,fàn qián,before meal,ก่อนอาหาร,🍽️,我**饭前**洗手。 (wǒ **fànqián** xǐshǒu.) ฉันล้างมือก่อน**อาหาร**,我**饭前**洗手。,wǒ **fànqián** xǐshǒu.,ฉันล้างมือก่อน**อาหาร**
chinese-essencial-in-communication-3-thai-please-come-in,请进,,qǐng jìn,please come in,เชิญเข้ามา,🚪,"**请进**，请坐。 (**Qǐng jìn**, qǐng zuò.) **เชิญเข้ามา**นั่งได้เลย",**请进**，请坐。,"**Qǐng jìn**, qǐng zuò.",**เชิญเข้ามา**นั่งได้เลย
chinese-essencial-in-communication-3-thai-come-into,进,,jìn,come into,เข้า,➡️,我**进**去。 (wǒ **jìn** qù.) ฉัน**เข้าไป**,我**进**去。,wǒ **jìn** qù.,ฉัน**เข้าไป**
chinese-essencial-in-communication-3-thai-to-clear-up,收拾,,shōushi,to clear up,จัดของ,🧹,请帮我把房间**收拾**一下。 (Qǐng bāng wǒ bǎ fángjiān **shōushi** yīxià.) ช่วยจัดห้องให้ฉันหน่อย,请帮我把房间**收拾**一下。,Qǐng bāng wǒ bǎ fángjiān **shōushi** yīxià.,ช่วยจัดห้องให้ฉันหน่อย
chinese-essencial-in-communication-3-thai-to-wash,洗,,xǐ,to wash,ล้าง,🧼,我喜欢**洗**澡。 (Wǒ xǐhuān **xǐ** zǎo.) ฉันชอบอาบ**น้ำ**,我喜欢**洗**澡。,Wǒ xǐhuān **xǐ** zǎo.,ฉันชอบอาบ**น้ำ**
chinese-essencial-in-communication-3-thai-to-sweep,打扫,,dǎsǎo,to sweep,ทำความสะอาด,🧽,我每天**打扫**房间。 (Wǒ měitiān **dǎsǎo** fángjiān.) ฉัน**ทำความสะอาด**ห้องทุกวัน,我每天**打扫**房间。,Wǒ měitiān **dǎsǎo** fángjiān.,ฉัน**ทำความสะอาด**ห้องทุกวัน
chinese-essencial-in-communication-3-thai-to-wipe,擦,,cā,to wipe,เช็ด,🧤,我**擦**干净了桌子。 (Wǒ **cā** gānjìng le zhuōzi.) ฉัน**เช็ด**โต๊ะสะอาดแล้ว,我**擦**干净了桌子。,Wǒ **cā** gānjìng le zhuōzi.,ฉัน**เช็ด**โต๊ะสะอาดแล้ว
chinese-essencial-in-communication-3-thai-floor,地板,,dìbǎn,floor,พื้น,🏠,我擦**地板**。 (Wǒ cā **dìbǎn**.) ฉันเช็ด**พื้น**,我擦**地板**。,Wǒ cā **dìbǎn**.,ฉันเช็ด**พื้น**
chinese-essencial-in-communication-3-thai-to-take-a-photograph,摄影,,shèyǐng,to take a photograph,การถ่ายภาพ,📷,我喜欢**摄影**。 (Wǒ xǐhuān **shèyǐng**.) ฉันชอบ**ถ่ายภาพ**,我喜欢**摄影**。,Wǒ xǐhuān **shèyǐng**.,ฉันชอบ**ถ่ายภาพ**
chinese-essencial-in-communication-3-thai-to-play-tennis,打网球,,dǎ wǎngqiú,to play tennis,เล่นเทนนิส,🎾,我喜欢**打网球**。 (wǒ xǐhuān **dǎ wǎngqiú**.) ฉันชอบ**เล่นเทนนิส**,我喜欢**打网球**。,wǒ xǐhuān **dǎ wǎngqiú**.,ฉันชอบ**เล่นเทนนิส**
chinese-essencial-in-communication-3-thai-to-play,打,,dǎ,to play,ตี,🏏,他喜欢**打**篮球。 (Tā xǐhuan **dǎ** lánqiú.) เขาชอบ**เล่น**บาสเกตบอล,他喜欢**打**篮球。,Tā xǐhuan **dǎ** lánqiú.,เขาชอบ**เล่น**บาสเกตบอล
chinese-essencial-in-communication-3-thai-tennis,网球,,wǎngqiú,tennis,เทนนิส,🎽,我喜欢打**网球**。 (Wǒ xǐhuān dǎ **wǎngqiú**.) ฉันชอบเล่น**เทนนิส**,我喜欢打**网球**。,Wǒ xǐhuān dǎ **wǎngqiú**.,ฉันชอบเล่น**เทนนิส**
chinese-essencial-in-communication-3-thai-sport,运动,,yùndòng,sport,การออกกำลังกาย,🏅,他喜欢每天做**运动**。 (Tā xǐhuān měitiān zuò **yùndòng**.) เขาชอบออกกำลังกายทุกวัน,他喜欢每天做**运动**。,Tā xǐhuān měitiān zuò **yùndòng**.,เขาชอบออกกำลังกายทุกวัน
chinese-essencial-in-communication-3-thai-football,足球,,zúqiú,football,ฟุตบอล,⚽,我喜欢踢**足球**。 (Wǒ xǐhuān tī **zúqiú**.) ฉันชอบเตะ**ฟุตบอล**,我喜欢踢**足球**。,Wǒ xǐhuān tī **zúqiú**.,ฉันชอบเตะ**ฟุตบอล**
chinese-essencial-in-communication-3-thai-often,经常,,jīngcháng,often,บ่อยๆ,🔄,我**经常**去图书馆。 (wǒ **jīngcháng** qù túshūguǎn.) ฉันไปห้องสมุดบ่อยๆ,我**经常**去图书馆。,wǒ **jīngcháng** qù túshūguǎn.,ฉันไปห้องสมุดบ่อยๆ
chinese-essencial-in-communication-3-thai-to-play-football,踢足球,,tī zúqiú,to play football,เตะฟุตบอล,🥅,我喜欢**踢足球**。 (Wǒ xǐhuān **tī zúqiú**.) ฉันชอบ**เตะฟุตบอล**,我喜欢**踢足球**。,Wǒ xǐhuān **tī zúqiú**.,ฉันชอบ**เตะฟุตบอล**
chinese-essencial-in-communication-3-thai-to-kick,踢,,tī,to kick,เตะ,🦵,我喜欢**踢**足球。 (Wǒ xǐhuān **tī** zúqiú.) ฉันชอบ**เตะ**ฟุตบอล,我喜欢**踢**足球。,Wǒ xǐhuān **tī** zúqiú.,ฉันชอบ**เตะ**ฟุตบอล
chinese-essencial-in-communication-3-thai-ball-game,球赛,,qiúsài,ball game,การแข่งขันฟุตบอล,🏟️,我喜欢看**球赛**。 (Wǒ xǐhuān kàn **qiúsài**.) ฉันชอบดู**การแข่งขันกีฬา**,我喜欢看**球赛**。,Wǒ xǐhuān kàn **qiúsài**.,ฉันชอบดู**การแข่งขันกีฬา**
chinese-essencial-in-communication-3-thai-movie,电影,,diànyǐng,movie,ภาพยนตร์,🎬,我喜欢看**电影**。 (Wǒ xǐhuān kàn **diànyǐng**.) ฉันชอบดู**หนัง**,我喜欢看**电影**。,Wǒ xǐhuān kàn **diànyǐng**.,ฉันชอบดู**หนัง**
chinese-essencial-in-communication-3-thai-to-perform,演,,yǎn,to perform,แสดง,🎭,我在**演**出。 (Wǒ zài **yǎn**chū.) ฉันกำลัง**แสดง**อยู่,我在**演**出。,Wǒ zài **yǎn**chū.,ฉันกำลัง**แสดง**อยู่
chinese-essencial-in-communication-3-thai-seafood,海鲜,,hǎixiān,seafood,อาหารทะเล,🦞,我喜欢吃**海鲜**。 (Wǒ xǐhuān chī **hǎixiān**.) ฉันชอบกิน**อาหารทะเล**,我喜欢吃**海鲜**。,Wǒ xǐhuān chī **hǎixiān**.,ฉันชอบกิน**อาหารทะเล**
chinese-essencial-in-communication-3-thai-rice-noodles,米线,,mǐxiàn,rice noodles,ข้าวซอย,🍜,我喜欢吃**米线**。 (Wǒ xǐhuān chī **mǐxiàn**.) ฉันชอบกิน**เส้นหมี่**,我喜欢吃**米线**。,Wǒ xǐhuān chī **mǐxiàn**.,ฉันชอบกิน**เส้นหมี่**
chinese-essencial-in-communication-3-thai-snack,小吃,,xiǎochī,snack,ของว่าง,🥨,我喜欢吃中国**小吃**。 (Wǒ xǐhuān chī Zhōngguó **xiǎochī**.) ฉันชอบกินของว่างจีน,我喜欢吃中国**小吃**。,Wǒ xǐhuān chī Zhōngguó **xiǎochī**.,ฉันชอบกินของว่างจีน
chinese-essencial-in-communication-3-thai-like-that-so,那么,,nàme,"like that, so",ดังนั้น,🤔,这件衣服**那么**贵。 (Zhè jiàn yīfu **nàme** guì.) เสื้อตัวนี้แพง**มาก**,这件衣服**那么**贵。,Zhè jiàn yīfu **nàme** guì.,เสื้อตัวนี้แพง**มาก**
chinese-essencial-in-communication-3-thai-to-go-away-on-a-business-trip,出差,,chūchāi,to go away on a business trip,เดินทางไปทำงาน,💼,我明天要**出差**。 (Wǒ míngtiān yào **chūchāi**.) พรุ่งนี้ฉันต้องไป**ทำงานนอกสถานที่**,我明天要**出差**。,Wǒ míngtiān yào **chūchāi**.,พรุ่งนี้ฉันต้องไป**ทำงานนอกสถานที่**
chinese-essencial-in-communication-3-thai-guangdong,广东,,Guǎngdōng,Guangdong,กวางตุ้ง,🇨🇳,我是**广东**人。 (Wǒ shì **Guǎngdōng** rén.) ฉันเป็นคน**กวางตุ้ง**,我是**广东**人。,Wǒ shì **Guǎngdōng** rén.,ฉันเป็นคน**กวางตุ้ง**
chinese-essencial-in-communication-3-thai-yunnan,云南,,Yúnnán,Yunnan,ยูนนาน,🏞️,我喜欢去**云南**旅游。 (Wǒ xǐhuān qù **Yúnnán** lǚyóu.) ฉันชอบไปเที่ยวที่**ยูนนาน**,我喜欢去**云南**旅游。,Wǒ xǐhuān qù **Yúnnán** lǚyóu.,ฉันชอบไปเที่ยวที่**ยูนนาน**
chinese-essencial-in-communication-3-thai-sichuan,四川,,Sìchuān,Sichuan,เสฉวน,🐼,我喜欢吃**四川**菜。 (Wǒ xǐhuān chī **Sìchuān** cài.) ฉันชอบกินอาหาร**เสฉวน**,我喜欢吃**四川**菜。,Wǒ xǐhuān chī **Sìchuān** cài.,ฉันชอบกินอาหาร**เสฉวน**
chinese-essencial-in-communication-3-thai-all-along,从来,,cónglái,All along,ไม่เคย,🕰️,我**从来**没去过中国。 (wǒ **cónglái** méi qùguò Zhōngguó.) ฉันไม่เคยไปประเทศจีน**เลย**,我**从来**没去过中国。,wǒ **cónglái** méi qùguò Zhōngguó.,ฉันไม่เคยไปประเทศจีน**เลย**
chinese-essencial-in-communication-3-thai-that-time,当时,,dāngshí,that time,ในตอนนั้น,📅,我**当时**不在家。 (wǒ **dāngshí** bù zàijiā.) ตอนนั้น**ฉัน**ไม่อยู่บ้าน,我**当时**不在家。,wǒ **dāngshí** bù zàijiā.,ตอนนั้น**ฉัน**ไม่อยู่บ้าน
chinese-essencial-in-communication-3-thai-to-interview,采访,,cǎifǎng,to interview,สัมภาษณ์,🎤,记者**采访**了市长。 (jìzhě **cǎifǎng** le shìzhǎng.) นักข่าว**สัมภาษณ์**นายกเทศมนตรี,记者**采访**了市长。,jìzhě **cǎifǎng** le shìzhǎng.,นักข่าว**สัมภาษณ์**นายกเทศมนตรี
chinese-essencial-in-communication-3-thai-to-be-wounded,受伤,,shòushāng,to be wounded,บาดเจ็บ,🩹,我的腿**受伤**了。 (Wǒ de tuǐ **shòushāng** le.) ขาของฉัน**บาดเจ็บ**,我的腿**受伤**了。,Wǒ de tuǐ **shòushāng** le.,ขาของฉัน**บาดเจ็บ**
chinese-essencial-in-communication-3-thai-to-look-after,照顾,,zhàogù,to look after,ดูแล,🤗,我妈妈很会**照顾**我。 (Wǒ māma hěn huì **zhàogù** wǒ.) แม่ของฉัน**ดูแล**ฉันดีมาก,我妈妈很会**照顾**我。,Wǒ māma hěn huì **zhàogù** wǒ.,แม่ของฉัน**ดูแล**ฉันดีมาก
chinese-essencial-in-communication-3-thai-afterwards,后来,,hòulái,afterwards,ภายหลัง,➡️,她**后来**成为了医生。 (Tā **hòulái** chéngwéi le yīshēng.) ภายหลัง**เธอ**ได้เป็นหมอ,她**后来**成为了医生。,Tā **hòulái** chéngwéi le yīshēng.,ภายหลัง**เธอ**ได้เป็นหมอ
chinese-essencial-in-communication-3-thai-to-love-each-other,相爱,,xiāng'ài,to love each other,รักกัน,💕,他们**相爱**。 (tā men **xiāng ài**.) พวกเขา**รัก**กัน,他们**相爱**。,tā men **xiāng ài**.,พวกเขา**รัก**กัน
chinese-essencial-in-communication-3-thai-to-forget,忘,,wàng,to forget,ลืม,🧠,我**忘**了。 (Wǒ **wàng** le.) ฉัน**ลืม**แล้ว,我**忘**了。,Wǒ **wàng** le.,ฉัน**ลืม**แล้ว
chinese-essencial-in-communication-3-thai-kung-fu-film,武打片,,wǔdǎpiàn,kung fu film,หนังต่อสู้,🥋,我喜欢看**武打片**。 (Wǒ xǐhuān kàn **wǔdápiàn**.) ฉันชอบดูหนัง**กำลังภายใน**,我喜欢看**武打片**。,Wǒ xǐhuān kàn **wǔdápiàn**.,ฉันชอบดูหนัง**กำลังภายใน**
chinese-essencial-in-communication-3-thai-love-movie,爱情片,,àiqíngpiàn,love movie,หนังรัก,💖,我喜欢看**爱情片**。 (wǒ xǐhuān kàn **àiqíng piàn**.) ฉันชอบดู**หนังรัก**,我喜欢看**爱情片**。,wǒ xǐhuān kàn **àiqíng piàn**.,ฉันชอบดู**หนังรัก**