ID,front/title,front/icon,front/description,back/title,back/icon,back/description
chinese-essencial-in-communication-3-cloudy-day,é˜´å¤©,,yÄ«ntiÄn,cloudy day,â˜ï¸,ä»Šå¤©æ˜¯**é˜´å¤©**ã€‚ (JÄ«ntiÄn shÃ¬ **yÄ«ntiÄn**.) Today is a **cloudy day**ã€‚
chinese-essencial-in-communication-3-weather,å¤©æ°”,,tiÄnqÃ¬,weather,â˜€ï¸,ä»Šå¤©**å¤©æ°”**æ€ä¹ˆæ ·ï¼Ÿ (JÄ«ntiÄn **tiÄnqÃ¬** zÄ›nmeyÃ ng?) How is the **weather** today?
chinese-essencial-in-communication-3-weather-forecast,å¤©æ°”é¢„æŠ¥,,tiÄnqÃ¬ yÃ¹bÃ o,weather forecast,ğŸ“º,æˆ‘çœ‹äº†**å¤©æ°”é¢„æŠ¥**ã€‚ (WÇ’ kÃ nle **tiÄnqÃ¬ yÃ¹bÃ o**.) I watched the **weather forecast**ã€‚
chinese-essencial-in-communication-3-to-forecast,é¢„æŠ¥,,yÃ¹bÃ o,to forecast,ğŸ”®,è°èƒ½**é¢„æŠ¥**æœªæ¥ï¼Ÿ (ShÃ©i nÃ©ng **yÃ¹bÃ o** wÃ¨ilÃ¡i?) Who can **forecast** the future?
chinese-essencial-in-communication-3-be-likely-to,ä¼š,,huÃ¬,be likely to,ğŸ¤”,æ˜å¤©**ä¼š**ä¸‹é›¨å—ï¼Ÿ (MÃ­ngtiÄn **huÃ¬** xiÃ  yÇ” ma?) Is it **likely to** rain tomorrow?
chinese-essencial-in-communication-3-to-rain,ä¸‹é›¨,,xiÃ  yÇ”,to rain,ğŸŒ§ï¸,å¤–é¢å¼€å§‹**ä¸‹é›¨**äº†ã€‚ (WÃ imiÃ n kÄishÇ **xiÃ  yÇ”** le.) It started **to rain** outsideã€‚
chinese-essencial-in-communication-3-heavy-rain,å¤§é›¨,,dÃ  yÇ”,heavy rain,â›ˆï¸,æˆ‘ä»¬é‡åˆ°äº†**å¤§é›¨**ã€‚ (WÇ’men yÃ¹ dÃ ole **dÃ  yÇ”**.) We encountered **heavy rain**ã€‚
chinese-essencial-in-communication-3-light-rain-drizzle,å°é›¨,,xiÇo yÇ”,"light rain, drizzle",â˜”,ç°åœ¨åªæ˜¯**å°é›¨**ã€‚ (XiÃ nzÃ i zhÇshÃ¬ **xiÇo yÇ”**.) It's only **light rain** nowã€‚
chinese-essencial-in-communication-3-why,ä¸ºä»€ä¹ˆ,,wÃ¨ishÃ©nme,why,â“,ä½ **ä¸ºä»€ä¹ˆ**åœ¨è¿™é‡Œï¼Ÿ (NÇ **wÃ¨ishÃ©nme** zÃ i zhÃ¨lÇ?) **Why** are you here?
chinese-essencial-in-communication-3-measure-word,æŠŠ,,bÇ,(measure word),ğŸ”‘,æˆ‘æœ‰ä¸¤**æŠŠ**é’¥åŒ™ã€‚ (WÇ’ yÇ’u liÇng **bÇ** yÃ oshi.) I have two **(measure word)** keysã€‚
chinese-essencial-in-communication-3-umbrella,ä¼,,sÇn,umbrella,â˜‚ï¸,è¯·å¸¦ä½ çš„**ä¼**ã€‚ (QÇng dÃ i nÇ de **sÇn**.) Please bring your **umbrella**ã€‚
chinese-essencial-in-communication-3-here,è¿™é‡Œ,,zhÃ¨lÇ,here,ğŸ“,æˆ‘åœ¨**è¿™é‡Œ**ç­‰ä½ ã€‚ (WÇ’ zÃ i **zhÃ¨lÇ** dÄ›ng nÇ.) I'm waiting for you **here**ã€‚
chinese-essencial-in-communication-3-scenery,é£æ™¯,,fÄ“ngjÇng,scenery,ğŸï¸,å±±ä¸Šçš„**é£æ™¯**å¾ˆç¾ã€‚ (ShÄnshÃ ng de **fÄ“ngjÇng** hÄ›n mÄ›i.) The **scenery** on the mountain is beautifulã€‚
chinese-essencial-in-communication-3-beautiful,ç¾,,mÄ›i,beautiful,ğŸ’–,è¿™æœµèŠ±å¾ˆ**ç¾**ã€‚ (ZhÃ¨ duÇ’ huÄ hÄ›n **mÄ›i**.) This flower is very **beautiful**ã€‚
chinese-essencial-in-communication-3-air,ç©ºæ°”,,kÅngqÃ¬,air,ğŸ’¨,**ç©ºæ°”**éå¸¸æ¸…æ–°ã€‚ (**KÅngqÃ¬** fÄ“ichÃ¡ng qÄ«ngxÄ«n.) The **air** is very freshã€‚
chinese-essencial-in-communication-3-fresh,æ–°é²œ,,xÄ«nxian,fresh,ğŸŒ±,æˆ‘å–œæ¬¢åƒ**æ–°é²œ**çš„æ°´æœã€‚ (WÇ’ xÇhuÄn chÄ« **xÄ«nxian** de shuÇguÇ’.) I like to eat **fresh** fruitã€‚
chinese-essencial-in-communication-3-regrettable,å¯æƒœ,,kÄ›xÄ«,regrettable,ğŸ˜”,**å¯æƒœ**æˆ‘ä¸èƒ½å»ã€‚ (**KÄ›xÄ«** wÇ’ bÃ¹ nÃ©ng qÃ¹.) It's **regrettable** that I can't goã€‚
chinese-essencial-in-communication-3-to-climb-a-mountain,çˆ¬å±±,,pÃ¡ shÄn,to climb a mountain,â›°ï¸,æˆ‘ä»¬å‘¨æœ«å»**çˆ¬å±±**å§ã€‚ (WÇ’men zhÅumÃ² qÃ¹ **pÃ¡ shÄn** ba.) Let's **climb a mountain** on the weekendã€‚
chinese-essencial-in-communication-3-auxiliary-word,äº†,,le,(auxiliary word),âœ…,æˆ‘åƒå®Œé¥­**äº†**ã€‚ (WÇ’ chÄ« wÃ¡n fÃ n **le**.) I finished eating **(auxiliary word)**ã€‚
chinese-essencial-in-communication-3-to-stop,åœ,,tÃ­ng,to stop,ğŸ›‘,è¯·**åœ**è½¦ï¼ (QÇng **tÃ­ng** chÄ“!) Please **stop** the car!
chinese-essencial-in-communication-3-to-picnic,é‡é¤,,yÄ›cÄn,to picnic,ğŸ§º,æˆ‘ä»¬ä¸€èµ·å»**é‡é¤**ã€‚ (WÇ’men yÄ«qÇ qÃ¹ **yÄ›cÄn**.) Let's go **to picnic** togetherã€‚
chinese-essencial-in-communication-3-wind,é£,,fÄ“ng,wind,ğŸŒ¬ï¸,ä»Šå¤©çš„**é£**å¾ˆå¤§ã€‚ (JÄ«ntiÄn de **fÄ“ng** hÄ›n dÃ .) Today's **wind** is very strongã€‚
chinese-essencial-in-communication-3-to-go-down-a-mountain,ä¸‹å±±,,xiÃ  shÄn,to go down a mountain,ğŸ”½,æˆ‘ä»¬è¯¥**ä¸‹å±±**äº†ã€‚ (WÇ’men gÄi **xiÃ  shÄn** le.) We should **go down a mountain** nowã€‚
chinese-essencial-in-communication-3-rainbow,å½©è™¹,,cÇihÃ³ng,rainbow,ğŸŒˆ,çœ‹ï¼æœ‰ä¸€é“**å½©è™¹**ã€‚ (KÃ n! YÇ’u yÄ« dÃ o **cÇihÃ³ng**.) Look! There is a **rainbow**ã€‚
chinese-essencial-in-communication-3-botanical-garden,æ¤ç‰©å›­,,zhÃ­wÃ¹yuÃ¡n,botanical garden,ğŸŒ³,æˆ‘å–œæ¬¢å»**æ¤ç‰©å›­**æ•£æ­¥ã€‚ (WÇ’ xÇhuÄn qÃ¹ **zhÃ­wÃ¹yuÃ¡n** sÃ nbÃ¹.) I like to take a walk in the **botanical garden**ã€‚
chinese-essencial-in-communication-3-the-wind-blows,åˆ®é£,,guÄ fÄ“ng,the wind blows,ğŸ’¨,ä»Šå¤©**åˆ®é£**å¾ˆå¤§ã€‚ (JÄ«ntiÄn **guÄ fÄ“ng** hÄ›n dÃ .) **The wind blows** strongly todayã€‚
chinese-essencial-in-communication-3-clear-day,æ™´å¤©,,qÃ­ngtiÄn,clear day,â˜€ï¸,æ˜å¤©æ˜¯**æ™´å¤©**ã€‚ (MÃ­ngtiÄn shÃ¬ **qÃ­ngtiÄn**.) Tomorrow is a **clear day**ã€‚
chinese-essencial-in-communication-3-daytime,ç™½å¤©,,bÃ¡itiÄn,daytime,ğŸŒ,**ç™½å¤©**å¾ˆé•¿ã€‚ (**BÃ¡itiÄn** hÄ›n chÃ¡ng.) The **daytime** is longã€‚
chinese-essencial-in-communication-3-sunny,æ™´,,qÃ­ng,sunny,ğŸ˜,å¤©æ°”**æ™´**æœ—ã€‚ (TiÄnqÃ¬ **qÃ­ng**lÇng.) The weather is **sunny** and clearã€‚
chinese-essencial-in-communication-3-to-change,è½¬,,zhuÇn,to change,ğŸ”„,å¤©æ°”ä¼š**è½¬**æ™´ã€‚ (TiÄnqÃ¬ huÃ¬ **zhuÇn** qÃ­ng.) The weather will **change** to sunnyã€‚
chinese-essencial-in-communication-3-cloudy,é˜´,,yÄ«n,cloudy,ğŸŒ¥ï¸,ä»Šå¤©**é˜´**å¤©ã€‚ (JÄ«ntiÄn **yÄ«n**tiÄn.) Today is **cloudy**ã€‚
chinese-essencial-in-communication-3-noon,ä¸­åˆ,,zhÅngwÇ”,noon,ğŸ•›,æˆ‘ä»¬**ä¸­åˆ**åƒé¥­ã€‚ (WÇ’men **zhÅngwÇ”** chÄ«fÃ n.) We eat lunch at **noon**ã€‚
chinese-essencial-in-communication-3-shower,é˜µé›¨,,zhÃ¨nyÇ”,shower,ğŸŒ¦ï¸,å¯èƒ½ä¼šæœ‰**é˜µé›¨**ã€‚ (KÄ›nÃ©ng huÃ¬ yÇ’u **zhÃ¨nyÇ”**.) There might be a **shower**ã€‚
chinese-essencial-in-communication-3-north-wind,åŒ—é£,,bÄ›ifÄ“ng,north wind,â¬†ï¸,**åŒ—é£**å¾ˆå†·ã€‚ (**BÄ›ifÄ“ng** hÄ›n lÄ›ng.) The **north wind** is coldã€‚
chinese-essencial-in-communication-3-force,çº§,,jÃ­,force,ğŸ’ª,é£åŠ›æ˜¯ä¸‰**çº§**ã€‚ (FÄ“nglÃ¬ shÃ¬ sÄn **jÃ­**.) The wind **force** is level threeã€‚
chinese-essencial-in-communication-3-most,æœ€,,zuÃ¬,most,â­,å¥¹æ˜¯**æœ€**å¥½çš„ã€‚ (TÄ shÃ¬ **zuÃ¬** hÇo de.) She is the **most** good (the best)ã€‚
chinese-essencial-in-communication-3-temperature,æ°”æ¸©,,qÃ¬wÄ“n,temperature,ğŸŒ¡ï¸,æ˜å¤©çš„**æ°”æ¸©**æ˜¯å¤šå°‘ï¼Ÿ (MÃ­ngtiÄn de **qÃ¬wÄ“n** shÃ¬ duÅshÇo?) What is tomorrow's **temperature**?
chinese-essencial-in-communication-3-degree,åº¦,,dÃ¹,degree,ğŸ“,ä»Šå¤©äºŒåäº”**åº¦**ã€‚ (JÄ«ntiÄn Ã¨rshÃ­wÇ” **dÃ¹**.) Today is twenty-five **degree**sã€‚
chinese-essencial-in-communication-3-night-time,å¤œé—´,,yÃ¨jiÄn,night time,ğŸŒ™,**å¤œé—´**å¾ˆå®‰é™ã€‚ (**YÃ¨jiÄn** hÄ›n ÄnjÃ¬ng.) The **night time** is very quietã€‚
chinese-essencial-in-communication-3-morning,æ—©ä¸Š,,zÇoshang,morning,ğŸŒ…,æˆ‘å–œæ¬¢åœ¨**æ—©ä¸Š**å·¥ä½œã€‚ (WÇ’ xÇhuÄn zÃ i **zÇoshang** gÅngzuÃ².) I like to work in the **morning**ã€‚
chinese-essencial-in-communication-3-to-jog,è·‘æ­¥,,pÇobÃ¹,to jog,ğŸƒ,ä»–æ¯å¤©éƒ½å»**è·‘æ­¥**ã€‚ (TÄ mÄ›itiÄn dÅu qÃ¹ **pÇobÃ¹**.) He goes **to jog** every dayã€‚
chinese-essencial-in-communication-3-habit,ä¹ æƒ¯,,xÃ­guÃ n,habit,ğŸ§˜,è¿™æ˜¯ä¸€ä¸ªå¥½**ä¹ æƒ¯**ã€‚ (ZhÃ¨ shÃ¬ yÄ«gÃ¨ hÇo **xÃ­guÃ n**.) This is a good **habit**ã€‚
chinese-essencial-in-communication-3-to-take-exercise,é”»ç‚¼,,duÃ nliÃ n,to take exercise,ğŸ’ª,æˆ‘ä»¬åº”è¯¥å¤š**é”»ç‚¼**ã€‚ (WÇ’men yÄ«nggÄi duÅ **duÃ nliÃ n**.) We should **to take exercise** moreã€‚
chinese-essencial-in-communication-3-breakfast,æ—©é¥­,,zÇofÃ n,breakfast,ğŸ³,ä½ åƒäº†**æ—©é¥­**å—ï¼Ÿ (NÇ chÄ«le **zÇofÃ n** ma?) Did you eat **breakfast**?
chinese-essencial-in-communication-3-should,è¯¥,,gÄi,should,ğŸ§­,ä½ **è¯¥**å›å®¶äº†ã€‚ (NÇ **gÄi** huÃ­ jiÄ le.) You **should** go home nowã€‚
chinese-essencial-in-communication-3-common,ä¸€èˆ¬,,yÃ¬bÄn,common,ğŸ‘,è¿™å¾ˆ**ä¸€èˆ¬**ã€‚ (ZhÃ¨ hÄ›n **yÃ¬bÄn**.) This is very **common**ã€‚
chinese-essencial-in-communication-3-used-in-a-declarative-sentence-for-emphasis,å¯,,kÄ›,(used in a declarative sentence for emphasis),â—,ä½ **å¯**çœŸå‰å®³ï¼ (NÇ **kÄ›** zhÄ“n lÃ¬hÃ i!) You are **(used for emphasis)** truly amazing!
chinese-essencial-in-communication-3-chinese-dish,ä¸­å›½èœ,,ZhÅngguÃ³ cÃ i,Chinese dish,ğŸœ,æˆ‘å–œæ¬¢åƒ**ä¸­å›½èœ**ã€‚ (WÇ’ xÇhuÄn chÄ« **ZhÅngguÃ³ cÃ i**.) I like to eat **Chinese dish**esã€‚
chinese-essencial-in-communication-3-taste-of-food,å£å‘³,,kÇ’uwÃ¨i,taste of food,ğŸ˜‹,ä½ çš„**å£å‘³**æ˜¯ä»€ä¹ˆï¼Ÿ (NÇ de **kÇ’uwÃ¨i** shÃ¬ shÃ©nme?) What is your **taste of food**?
chinese-essencial-in-communication-3-hot-spicy,è¾£,,lÃ ,"hot, spicy",ğŸŒ¶ï¸,"è¿™ä¸ªèœå¾ˆ**è¾£**ã€‚ (ZhÃ¨ge cÃ i hÄ›n **lÃ **.) This dish is very **hot, spicy**ã€‚"
chinese-essencial-in-communication-3-to-love,çˆ±,,Ã i,to love,â¤ï¸,æˆ‘**çˆ±**æˆ‘çš„å®¶äººã€‚ (WÇ’ **Ã i** wÇ’ de jiÄrÃ©n.) I **to love** my familyã€‚
chinese-essencial-in-communication-3-sour-sweet,é…¸ç”œ,,suÄntiÃ¡n,sour-sweet,ğŸ¬,ä»–å–œæ¬¢åƒ**é…¸ç”œ**å£å‘³çš„ç³–ã€‚ (TÄ xÇhuÄn chÄ« **suÄntiÃ¡n** kÇ’uwÃ¨i de tÃ¡ng.) He likes **sour-sweet** flavored candyã€‚
chinese-essencial-in-communication-3-light,æ¸…æ·¡,,qÄ«ngdÃ n,light,ğŸ¥—,æˆ‘å–œæ¬¢åƒ**æ¸…æ·¡**çš„é£Ÿç‰©ã€‚ (WÇ’ xÇhuÄn chÄ« **qÄ«ngdÃ n** de shÃ­wÃ¹.) I like **light** foodã€‚
chinese-essencial-in-communication-3-greasy,æ²¹è…»,,yÃ³unÃ¬,greasy,ğŸ¤¢,è¿™ä¸ªè‚‰å¤ª**æ²¹è…»**äº†ã€‚ (ZhÃ¨ge rÃ²u tÃ i **yÃ³unÃ¬** le.) This meat is too **greasy**ã€‚
chinese-essencial-in-communication-3-measure-word,åª,,zhÄ«,(measure word),ğŸ¾,æˆ‘æœ‰ä¸€**åª**çŒ«ã€‚ (WÇ’ yÇ’u yÄ« **zhÄ«** mÄo.) I have one **(measure word)** catã€‚
chinese-essencial-in-communication-3-hand,æ‰‹,,shÇ’u,hand,âœ‹,è¯·ä¸¾**æ‰‹**ã€‚ (QÇng jÇ” **shÇ’u**.) Please raise your **hand**ã€‚
chinese-essencial-in-communication-3-to-write,å†™,,xiÄ›,to write,âœï¸,æˆ‘ä¼š**å†™**æ±‰å­—ã€‚ (WÇ’ huÃ¬ **xiÄ›** HÃ nzÃ¬.) I can **to write** Chinese charactersã€‚
chinese-essencial-in-communication-3-characters-written-with-a-writing-brush,æ¯›ç¬”å­—,,mÃ¡obÇ zÃ¬,characters written with a writing brush,ğŸ–Œï¸,ä»–æ­£åœ¨ç»ƒä¹ **æ¯›ç¬”å­—**ã€‚ (TÄ zhÃ¨ngzÃ i liÃ nxÃ­ **mÃ¡obÇ zÃ¬**.) He is practicing **characters written with a writing brush**ã€‚
chinese-essencial-in-communication-3-chinese-writing-brush,æ¯›ç¬”,,mÃ¡obÇ,Chinese writing brush,ğŸ–‹ï¸,è¿™æ˜¯ä¸€æ”¯**æ¯›ç¬”**ã€‚ (ZhÃ¨ shÃ¬ yÄ« zhÄ« **mÃ¡obÇ**.) This is a **Chinese writing brush**ã€‚
chinese-essencial-in-communication-3-character,å­—,,zÃ¬,character,ğŸ” ,è¿™ä¸ª**å­—**å¾ˆéš¾ã€‚ (ZhÃ¨ge **zÃ¬** hÄ›n nÃ¡n.) This **character** is difficultã€‚
chinese-essencial-in-communication-3-performance,æ¼”å‡º,,yÇnchÅ«,performance,ğŸ­,ä»Šæ™šæœ‰ç²¾å½©çš„**æ¼”å‡º**ã€‚ (JÄ«nwÇn yÇ’u jÄ«ngcÇi de **yÇnchÅ«**.) There is a wonderful **performance** tonightã€‚
chinese-essencial-in-communication-3-in-the-process-of,æ­£åœ¨,,zhÃ¨ngzÃ i,in the process of,â³,ä»–**æ­£åœ¨**åƒé¥­ã€‚ (TÄ **zhÃ¨ngzÃ i** chÄ«fÃ n.) He is **in the process of** eatingã€‚
chinese-essencial-in-communication-3-to-practice,ç»ƒä¹ ,,liÃ nxÃ­,to practice,ğŸ“š,æˆ‘éœ€è¦å¤š**ç»ƒä¹ **ã€‚ (WÇ’ xÅ«yÃ o duÅ **liÃ nxÃ­**.) I need **to practice** moreã€‚
chinese-essencial-in-communication-3-not-easy,ä¸å®¹æ˜“,,bÃ¹ rÃ³ngyÃ¬,not easy,ğŸ˜¥,è¿™ä»¶äº‹æƒ…**ä¸å®¹æ˜“**ã€‚ (ZhÃ¨ jiÃ n shÃ¬qÃ­ng **bÃ¹ rÃ³ngyÃ¬**.) This matter is **not easy**ã€‚
chinese-essencial-in-communication-3-easy,å®¹æ˜“,,rÃ³ngyÃ¬,easy,ğŸ’¡,å­¦ä¸­æ–‡å¾ˆ**å®¹æ˜“**ã€‚ (XuÃ© ZhÅngwÃ©n hÄ›n **rÃ³ngyÃ¬**.) Learning Chinese is **easy**ã€‚
chinese-essencial-in-communication-3-to-pour,å€’,,dÃ o,to pour,ğŸ’§,è¯·ç»™æˆ‘**å€’**ä¸€æ¯æ°´ã€‚ (QÇng gÄ›i wÇ’ **dÃ o** yÄ« bÄ“i shuÇ.) Please **to pour** me a glass of waterã€‚
chinese-essencial-in-communication-3-cup-measure-word,æ¯,,bÄ“i,cup (measure word),â˜•,æˆ‘è¦ä¸€**æ¯**å’–å•¡ã€‚ (WÇ’ yÃ o yÄ« **bÄ“i** kÄfÄ“i.) I want one **cup (measure word)** of coffeeã€‚
chinese-essencial-in-communication-3-right-now,åœ¨,,zÃ i,right now,âŒš,ä»–**åœ¨**å®¶ã€‚ (TÄ **zÃ i** jiÄ.) He is at home **right now**ã€‚
chinese-essencial-in-communication-3-modal-word,å‘€,,ya,(modal word),ğŸ—£ï¸,å¥½**å‘€**ï¼ (HÇo **ya**!) Okay **(modal word)**!
chinese-essencial-in-communication-3-modal-word,å‘¢,,ne,(modal word),ğŸ’¬,ä½ **å‘¢**ï¼Ÿ (NÇ **ne**?) How about you **(modal word)**?
chinese-essencial-in-communication-3-to-disturb,æ‰“æ‰°,,dÇrÇo,to disturb,ğŸ”‡,"å¯¹ä¸èµ·ï¼Œ**æ‰“æ‰°**äº†ã€‚ (DuÃ¬bÃ¹qÇ, **dÇrÇo** le.) Sorry **to disturb** you."
chinese-essencial-in-communication-3-oneself,è‡ªå·±,,zÃ¬jÇ,oneself,ğŸ‘¤,æˆ‘å¯ä»¥ç…§é¡¾**è‡ªå·±**ã€‚ (WÇ’ kÄ›yÇ zhÃ ogÃ¹ **zÃ¬jÇ**.) I can take care of **oneself**ã€‚
chinese-essencial-in-communication-3-station-stop,è½¦ç«™,,chÄ“zhÃ n,"station, stop",ğŸšŒ,"æˆ‘åœ¨**è½¦ç«™**ç­‰ä½ ã€‚ (WÇ’ zÃ i **chÄ“zhÃ n** dÄ›ng nÇ.) I'm waiting for you at the **station, stop**ã€‚"
chinese-essencial-in-communication-3-the-entrance-to-a-hutong,èƒ¡åŒå£å„¿,,hÃºtÃ²ng kÇ’ur,the entrance to a hutong,â¡ï¸,è¯·åœ¨**èƒ¡åŒå£å„¿**è§ã€‚ (QÇng zÃ i **hÃºtÃ²ng kÇ’ur** jiÃ n.) Please meet at **the entrance to a hutong**ã€‚
chinese-essencial-in-communication-3-hutong-lane-alley,èƒ¡åŒ,,hÃºtÃ²ng,"hutong, lane, alley",ğŸ˜ï¸,"æˆ‘ä»¬ä½åœ¨ä¸€æ¡**èƒ¡åŒ**é‡Œã€‚ (WÇ’men zhÃ¹ zÃ i yÄ« tiÃ¡o **hÃºtÃ²ng** lÇ.) We live in a **hutong, lane, alley**"
chinese-essencial-in-communication-3-downtown,å¸‚ä¸­å¿ƒ,,shÃ¬ zhÅngxÄ«n,downtown,ğŸ™ï¸,è¿™é‡Œæ˜¯**å¸‚ä¸­å¿ƒ**ã€‚ (ZhÃ¨lÇ shÃ¬ **shÃ¬ zhÅngxÄ«n**.) This is **downtown**ã€‚
chinese-essencial-in-communication-3-center,ä¸­å¿ƒ,,zhÅngxÄ«n,center,ğŸ¯,æ‰¾åˆ°é—®é¢˜çš„**ä¸­å¿ƒ**ã€‚ (ZhÇodÃ o wÃ¨ntÃ­ de **zhÅngxÄ«n**.) Find the **center** of the problemã€‚
chinese-essencial-in-communication-3-seem-be-like,å¥½åƒ,,hÇoxiÃ ng,"seem, be like",ğŸ§,"ä½ **å¥½åƒ**å¾ˆç´¯ã€‚ (NÇ **hÇoxiÃ ng** hÄ›n lÃ¨i.) You **seem, be like** very tiredã€‚"
chinese-essencial-in-communication-3-green-plot,ç»¿åœ°,,lÇœdÃ¬,green plot,ğŸŒ¿,å°åŒºé‡Œæœ‰å¾ˆå¤š**ç»¿åœ°**ã€‚ (XiÇoqÅ« lÇ yÇ’u hÄ›n duÅ **lÇœdÃ¬**.) There are many **green plot**s in the communityã€‚
chinese-essencial-in-communication-3-garden,èŠ±å›­,,huÄyuÃ¡n,garden,ğŸŒ¸,æˆ‘åœ¨**èŠ±å›­**é‡Œç§èŠ±ã€‚ (WÇ’ zÃ i **huÄyuÃ¡n** lÇ zhÃ²ng huÄ.) I plant flowers in the **garden**ã€‚
chinese-essencial-in-communication-3-of-an-old-couple-husband-or-wife,è€ä¼´å„¿,,lÇobÃ nr,(of an old couple) husband or wife,ğŸ‘µ,ä»–å’Œä»–**è€ä¼´å„¿**ä¸€èµ·æ•£æ­¥ã€‚ (TÄ hÃ© tÄ **lÇobÃ nr** yÄ«qÇ sÃ nbÃ¹.) He takes a walk with his **(of an old couple) husband or wife**ã€‚
chinese-essencial-in-communication-3-side,æ—è¾¹,,pÃ¡ngbiÄn,side,â¡ï¸,æˆ‘ååœ¨ä»–**æ—è¾¹**ã€‚ (WÇ’ zuÃ² zÃ i tÄ **pÃ¡ngbiÄn**.) I sat by his **side**ã€‚
chinese-essencial-in-communication-3-supermarket,è¶…å¸‚,,chÄoshÃ¬,supermarket,ğŸ›’,æˆ‘ä»¬å»**è¶…å¸‚**ä¹°èœã€‚ (WÇ’men qÃ¹ **chÄoshÃ¬** mÇi cÃ i.) We go to the **supermarket** to buy foodã€‚
chinese-essencial-in-communication-3-restaurant,é¥­é¦†å„¿,,fÃ nguÇnr,restaurant,ğŸ½ï¸,æˆ‘ä»¬å»é‚£ä¸ª**é¥­é¦†å„¿**åƒé¥­ã€‚ (WÇ’men qÃ¹ nÃ gÃ¨ **fÃ nguÇnr** chÄ«fÃ n.) We go to that **restaurant** to eatã€‚
chinese-essencial-in-communication-3-to-taste,å°,,chÃ¡ng,to taste,ğŸ‘…,ä½ **å°**å°è¿™ä¸ªèœã€‚ (NÇ **chÃ¡ng**chang zhÃ¨ge cÃ i.) You **to taste** this dishã€‚
chinese-essencial-in-communication-3-house,æˆ¿å­,,fÃ¡ngzi,house,ğŸ ,ä»–ä¹°äº†ä¸€æ ‹æ–°**æˆ¿å­**ã€‚ (TÄ mÇile yÄ« dÃ²ng xÄ«n **fÃ¡ngzi**.) He bought a new **house**ã€‚
chinese-essencial-in-communication-3-suburban-district,éƒŠåŒº,,jiÄoqÅ«,suburban district,ğŸŒ³,æˆ‘ä½åœ¨**éƒŠåŒº**ã€‚ (WÇ’ zhÃ¹ zÃ i **jiÄoqÅ«**.) I live in the **suburban district**ã€‚
chinese-essencial-in-communication-3-beauty-parlor,ç¾å®¹é™¢,,mÄ›irÃ³ngyuÃ n,beauty parlor,ğŸ’…,å¥¹å¸¸å»**ç¾å®¹é™¢**ã€‚ (TÄ chÃ¡ng qÃ¹ **mÄ›irÃ³ngyuÃ n**.) She often goes to the **beauty parlor**ã€‚
chinese-essencial-in-communication-3-traffic,äº¤é€š,,jiÄotÅng,traffic,ğŸš¦,è¿™ä¸ªåŸå¸‚çš„**äº¤é€š**å¾ˆæ–¹ä¾¿ã€‚ (ZhÃ¨ge chÃ©ngshÃ¬ de **jiÄotÅng** hÄ›n fÄngbiÃ n.) The **traffic** in this city is very convenientã€‚
chinese-essencial-in-communication-3-subway-station,åœ°é“ç«™,,dÃ¬tiÄ› zhÃ n,subway station,ğŸš‡,**åœ°é“ç«™**åœ¨å“ªé‡Œï¼Ÿ (**DÃ¬tiÄ› zhÃ n** zÃ i nÇlÇ?) Where is the **subway station**?
chinese-essencial-in-communication-3-town-city,åŸé‡Œ,,chÃ©nglÇ,"town, city",ğŸ“,"ä»–ç°åœ¨**åŸé‡Œ**å·¥ä½œã€‚ (TÄ xiÃ nzÃ i **chÃ©nglÇ** gÅngzuÃ².) He works in the **town, city** nowã€‚"
chinese-essencial-in-communication-3-to-need-to-take,è¦,,yÃ o,"to need, to take",â³,"ä½ **è¦**å¤šä¹…æ‰èƒ½å®Œæˆï¼Ÿ (NÇ **yÃ o** duÅjiÇ” cÃ¡inÃ©ng wÃ¡nchÃ©ng?) How long will it **to need, "
chinese-essencial-in-communication-3-neighbor,é‚»å±…,,lÃ­njÅ«,neighbor,ğŸ§‘â€ğŸ¤â€ğŸ§‘,æˆ‘çš„**é‚»å±…**å¾ˆå‹å¥½ã€‚ (WÇ’ de **lÃ­njÅ«** hÄ›n yÇ’uhÇo.) My **neighbor** is friendlyã€‚
chinese-essencial-in-communication-3-to-go-back,å›,,huÃ­,to go back,ğŸ”™,æˆ‘æƒ³**å›**å®¶ã€‚ (WÇ’ xiÇng **huÃ­** jiÄ.) I want **to go back** homeã€‚
chinese-essencial-in-communication-3-post-office,é‚®å±€,,yÃ³ujÃº,post office,ğŸ“®,æˆ‘å»äº†**é‚®å±€**ã€‚ (WÇ’ qÃ¹le **yÃ³ujÃº**.) I went to the **post office**ã€‚
chinese-essencial-in-communication-3-to-fetch,å–,,qÇ”,to fetch,ğŸ“¥,æˆ‘éœ€è¦å»**å–**åŒ…è£¹ã€‚ (WÇ’ xÅ«yÃ o qÃ¹ **qÇ”** bÄoguÇ’.) I need **to fetch** the parcelã€‚
chinese-essencial-in-communication-3-password,å¯†ç ,,mÃ¬mÇ,password,ğŸ”’,è¯·è®°ä½ä½ çš„**å¯†ç **ã€‚ (QÇng jÃ¬zhÃ¹ nÇ de **mÃ¬mÇ**.) Please remember your **password**ã€‚
chinese-essencial-in-communication-3-delivery-locker,å¿«é€’æŸœ,,kuÃ idÃ¬guÃ¬,delivery locker,ğŸ“¦,åŒ…è£¹å·²æ”¾å…¥**å¿«é€’æŸœ**ã€‚ (BÄoguÇ’ yÇ fÃ ng rÃ¹ **kuÃ idÃ¬guÃ¬**.) The parcel has been put into the **delivery locker**ã€‚
chinese-essencial-in-communication-3-screen,å±å¹•,,pÃ­ngmÃ¹,screen,ğŸ–¥ï¸,è¿™ä¸ª**å±å¹•**å¾ˆäº®ã€‚ (ZhÃ¨ge **pÃ­ngmÃ¹** hÄ›n liÃ ng.) This **screen** is very brightã€‚
chinese-essencial-in-communication-3-to-fill-in,å¡«,,tiÃ¡n,to fill in,âœï¸,è¯·**å¡«**å†™è¿™å¼ è¡¨æ ¼ã€‚ (QÇng **tiÃ¡n**xiÄ› zhÃ¨ zhÄng biÇogÃ©.) Please **to fill in** this formã€‚
chinese-essencial-in-communication-3-chinese-dumpling,é¥ºå­,,jiÇozi,Chinese dumpling,ğŸ¥Ÿ,æˆ‘ä»¬å‘¨æœ«åƒ**é¥ºå­**ã€‚ (WÇ’men zhÅumÃ² chÄ« **jiÇozi**.) We eat **Chinese dumpling**s on the weekendã€‚
chinese-essencial-in-communication-3-just,åˆš,,gÄng,just,â±ï¸,å¥¹**åˆš**ç¦»å¼€ã€‚ (TÄ **gÄng** lÃ­kÄi.) She **just** leftã€‚
chinese-essencial-in-communication-3-relation,å…³ç³»,,guÄnxi,relation,ğŸ¤,æˆ‘ä»¬æœ‰è‰¯å¥½çš„**å…³ç³»**ã€‚ (WÇ’men yÇ’u liÃ¡nghÇo de **guÄnxi**.) We have a good **relation**shipã€‚
chinese-essencial-in-communication-3-to-visit,çœ‹æœ›,,kÃ nwÃ ng,to visit,ğŸ§‘â€ğŸ¤â€ğŸ§‘,æˆ‘**çœ‹æœ›**äº†æˆ‘çš„å¥¶å¥¶ã€‚ (WÇ’ **kÃ nwÃ ng**le wÇ’ de nÇinai.) I went **to visit** my grandmaã€‚
chinese-essencial-in-communication-3-courtyard-house,å››åˆé™¢,,SÃ¬hÃ©yuÃ n,Courtyard house,ğŸ ,æˆ‘æƒ³ä½åœ¨**å››åˆé™¢**é‡Œã€‚ (WÇ’ xiÇng zhÃ¹ zÃ i **sÃ¬hÃ©yuÃ n** lÇ.) I want to live in a **quadrangle (traditional residential compound in northern China)**ã€‚
chinese-essencial-in-communication-3-courtyard,é™¢å„¿,,yuÃ nr,courtyard,ğŸª´,æˆ‘ä»¬ååœ¨**é™¢å„¿**é‡ŒèŠå¤©ã€‚ (WÇ’men zuÃ² zÃ i **yuÃ nr** lÇ liÃ¡otiÄn.) We sat and chatted in the **courtyard**ã€‚
chinese-essencial-in-communication-3-north-facing-house,åŒ—æˆ¿,,bÄ›ifÃ¡ng,north-facing house,â†–ï¸,**åŒ—æˆ¿**å…‰çº¿ä¸å¥½ã€‚ (**BÄ›ifÃ¡ng** guÄngxiÃ n bÃ¹ hÇo.) The **north-facing house** does not have good lightingã€‚
chinese-essencial-in-communication-3-south-facing-house,å—æˆ¿,,nÃ¡nfÃ¡ng,south-facing house,â†™ï¸,**å—æˆ¿**å¾ˆæ¸©æš–ã€‚ (**NÃ¡nfÃ¡ng** hÄ›n wÄ“nnuÇn.) The **south-facing house** is very warmã€‚
chinese-essencial-in-communication-3-to-go-over,è¿‡å»,,guÃ²qu,to go over,ğŸš¶,è¯·ä»è¿™å„¿**è¿‡å»**ã€‚ (QÇng cÃ³ng zhÃ¨r **guÃ²qu**.) Please **to go over** from hereã€‚
chinese-essencial-in-communication-3-to-post-to-send,å¯„,,jÃ¬,"to post, to send",ğŸ“§,"æˆ‘æƒ³**å¯„**åŒ…è£¹ã€‚ (WÇ’ xiÇng **jÃ¬** bÄoguÇ’.) I want **to post, to send** a parcelã€‚"
chinese-essencial-in-communication-3-measure-word-for-paper,å¼ ,,zhÄng,(measure word for paper),ğŸ“„,ç»™æˆ‘ä¸€**å¼ **çº¸ã€‚ (GÄ›i wÇ’ yÄ« **zhÄng** zhÇ.) Give me one **(measure word for paper)** of paperã€‚
chinese-essencial-in-communication-3-postcard,æ˜ä¿¡ç‰‡,,mÃ­ngxÃ¬npiÃ n,postcard,ğŸ–¼ï¸,æˆ‘æ”¶åˆ°äº†**æ˜ä¿¡ç‰‡**ã€‚ (WÇ’ shÅudÃ o le **mÃ­ngxÃ¬npiÃ n**.) I received a **postcard**ã€‚
chinese-essencial-in-communication-3-letter,ä¿¡,,xÃ¬n,letter,âœ‰ï¸,ä»–å†™äº†ä¸€å°**ä¿¡**ã€‚ (TÄ xiÄ›le yÄ« fÄ“ng **xÃ¬n**.) He wrote a **letter**ã€‚
chinese-essencial-in-communication-3-water-transport,æ°´è·¯,,shuÇlÃ¹,water transport,ğŸš¢,è´§ç‰©èµ°**æ°´è·¯**ã€‚ (HuÃ²wÃ¹ zÇ’u **shuÇlÃ¹**.) The goods go by **water transport**ã€‚
chinese-essencial-in-communication-3-air-transport,èˆªç©º,,hÃ¡ngkÅng,air transport,âœˆï¸,æˆ‘é€‰æ‹©**èˆªç©º**ã€‚ (WÇ’ xuÇnzÃ© **hÃ¡ngkÅng**.) I chose **air transport**ã€‚
chinese-essencial-in-communication-3-stamp,é‚®ç¥¨,,yÃ³upiÃ o,stamp,ğŸ·ï¸,è¯·ä¹°ä¸€å¼ **é‚®ç¥¨**ã€‚ (QÇng mÇi yÄ« zhÄng **yÃ³upiÃ o**.) Please buy a **stamp**ã€‚
chinese-essencial-in-communication-3-parcel,åŒ…è£¹,,bÄoguÇ’,parcel,ğŸ,**åŒ…è£¹**å¾ˆé‡ã€‚ (**BÄoguÇ’** hÄ›n zhÃ²ng.) The **parcel** is heavyã€‚
chinese-essencial-in-communication-3-to-need,éœ€è¦,,xÅ«yÃ o,to need,ğŸ™,ä½ **éœ€è¦**ä»€ä¹ˆï¼Ÿ (NÇ **xÅ«yÃ o** shÃ©nme?) What do you **to need**?
chinese-essencial-in-communication-3-how-long,å¤šé•¿æ—¶é—´,,duÅ chÃ¡ng shÃ­jiÄn,how long,â“,ä»è¿™é‡Œåˆ°é‚£å„¿**å¤šé•¿æ—¶é—´**ï¼Ÿ (CÃ³ng zhÃ¨lÇ dÃ o nÃ 'er **duÅ chÃ¡ng shÃ­jiÄn**?) **How long** is it from here to there?
chinese-essencial-in-communication-3-long,é•¿,,chÃ¡ng,long,ğŸ“,ä½ çš„å¤´å‘çœŸ**é•¿**ã€‚ (NÇ de tÃ³ufÃ  zhÄ“n **chÃ¡ng**.) Your hair is really **long**ã€‚
chinese-essencial-in-communication-3-express-delivery,ç‰¹å¿«ä¸“é€’,,tÃ¨kuÃ i zhuÇndÃ¬,express delivery,ğŸš€,è¯·å‘**ç‰¹å¿«ä¸“é€’**ã€‚ (QÇng fÄ **tÃ¨kuÃ i zhuÇndÃ¬**.) Please send by **express delivery**ã€‚
chinese-essencial-in-communication-3-tea,èŒ¶å¶,,chÃ¡yÃ¨,tea,ğŸµ,è¿™ç§**èŒ¶å¶**å¾ˆå¥½ã€‚ (ZhÃ¨ zhÇ’ng **chÃ¡yÃ¨** hÄ›n hÇo.) This kind of **tea** is very goodã€‚
chinese-essencial-in-communication-3-to-weigh,ç§°,,chÄ“ng,to weigh,âš–ï¸,è¯·**ç§°**ä¸€ä¸‹é‡é‡ã€‚ (QÇng **chÄ“ng** yÄ«xiÃ  zhÃ²ngliÃ ng.) Please **to weigh** the massã€‚
chinese-essencial-in-communication-3-fast-mail,å¿«é€’,,kuÃ idÃ¬,fast mail,ğŸï¸,è¿™ä¸ª**å¿«é€’**å¾ˆå¿«ã€‚ (ZhÃ¨ge **kuÃ idÃ¬** hÄ›n kuÃ i.) This **fast mail** is very fastã€‚
chinese-essencial-in-communication-3-week,å‘¨,,zhÅu,week,ğŸ—“ï¸,æˆ‘ä¸‹**å‘¨**ä¼šå›æ¥ã€‚ (WÇ’ xiÃ  **zhÅu** huÃ¬ huÃ­lÃ¡i.) I will be back next **week**ã€‚
chinese-essencial-in-communication-3-parcel-form,åŒ…è£¹å•,,bÄoguÇ’dÄn,parcel form,ğŸ“,è¯·ç»™æˆ‘ä¸€å¼ **åŒ…è£¹å•**ã€‚ (QÇng gÄ›i wÇ’ yÄ« zhÄng **bÄoguÇ’dÄn**.) Please give me a **parcel form**ã€‚
chinese-essencial-in-communication-3-addressee,æ”¶ä»¶äºº,,shÅujiÃ nrÃ©n,addressee,ğŸ·ï¸,è¯·å†™æ¸…æ¥š**æ”¶ä»¶äºº**ã€‚ (QÇng xiÄ› qÄ«ngchu **shÅujiÃ nrÃ©n**.) Please write the **addressee** clearlyã€‚
chinese-essencial-in-communication-3-address,åœ°å€,,dÃ¬zhÇ,address,ğŸ—ºï¸,è¯·å‘Šè¯‰æˆ‘ä½ çš„**åœ°å€**ã€‚ (QÇng gÃ osÃ¹ wÇ’ nÇ de **dÃ¬zhÇ**.) Please tell me your **address**ã€‚
chinese-essencial-in-communication-3-what-a-coincidence,çœŸå·§,,zhÄ“n qiÇo,what a coincidence,ğŸ˜®,**çœŸå·§**ï¼æˆ‘ä»¬åœ¨è¿™é‡Œè§é¢äº†ã€‚ (**ZhÄ“n qiÇo**! WÇ’men zÃ i zhÃ¨lÇ jiÃ nmiÃ n le.) **What a coincidence**! We met hereã€‚
chinese-essencial-in-communication-3-us-dollar,ç¾å…ƒ,,MÄ›iyuÃ¡n,US dollar,ğŸ’µ,ä¸€ç™¾**ç¾å…ƒ**ã€‚ (YÄ« bÇi **MÄ›iyuÃ¡n**.) One hundred **US dollar**sã€‚
chinese-essencial-in-communication-3-exchange-rate,æ±‡ç‡,,huÃ¬lÇœ,exchange rate,ğŸ’±,ä»Šå¤©çš„**æ±‡ç‡**æ˜¯å¤šå°‘ï¼Ÿ (JÄ«ntiÄn de **huÃ¬lÇœ** shÃ¬ duÅshÇo?) What is today's **exchange rate**?
chinese-essencial-in-communication-3-to-exchange,æ¢,,huÃ n,to exchange,â†”ï¸,æˆ‘æƒ³**æ¢**é’±ã€‚ (WÇ’ xiÇng **huÃ n** qiÃ¡n.) I want **to exchange** moneyã€‚
chinese-essencial-in-communication-3-japanese-yen,æ—¥å…ƒ,,RÃ¬yuÃ¡n,Japanese yen,ğŸ’´,è¯·ç»™æˆ‘**æ—¥å…ƒ**ã€‚ (QÇng gÄ›i wÇ’ **RÃ¬yuÃ¡n**.) Please give me **Japanese yen**ã€‚
chinese-essencial-in-communication-3-yesterday,æ˜¨å¤©,,zuÃ³tiÄn,yesterday,âª,æˆ‘**æ˜¨å¤©**å¾ˆå¿™ã€‚ (WÇ’ **zuÃ³tiÄn** hÄ›n mÃ¡ng.) I was busy **yesterday**ã€‚
chinese-essencial-in-communication-3-same,ä¸€æ ·,,yÄ«yÃ ng,same,ğŸ‘¯,æˆ‘ä»¬ç©¿**ä¸€æ ·**çš„è¡£æœã€‚ (WÇ’men chuÄn **yÄ«yÃ ng** de yÄ«fÃº.) We wear the **same** clothesã€‚
chinese-essencial-in-communication-3-department-store,ç™¾è´§å•†åœº,,bÇihuÃ² shÄngchÇng,department store,ğŸ›ï¸,å¥¹å»**ç™¾è´§å•†åœº**ä¹°ä¸œè¥¿ã€‚ (TÄ qÃ¹ **bÇihuÃ² shÄngchÇng** mÇi dÅngxÄ«.) She goes to the **department store** to shopã€‚
chinese-essencial-in-communication-3-market-mall,å•†åœº,,shÄngchÇng,"market, mall",ğŸ¬,**å•†åœº**é‡Œäººå¾ˆå¤šã€‚ (**ShÄngchÇng** lÇ rÃ©n hÄ›n duÅ.) There are many people in the **market**
chinese-essencial-in-communication-3-clothes-clothing,è¡£æœ,,yÄ«fu,"clothes, clothing",ğŸ‘•,æˆ‘è¦ä¹°æ–°**è¡£æœ**ã€‚ (WÇ’ yÃ o mÇi xÄ«n **yÄ«fu**.) I want to buy new **clothes**
chinese-essencial-in-communication-3-franchised-store,ä¸“å–åº—,,zhuÄnmÃ idiÃ n,franchised store,ğŸ’,è¿™æ˜¯ä¸€å®¶æ‰‹æœº**ä¸“å–åº—**ã€‚ (ZhÃ¨ shÃ¬ yÄ« jiÄ shÇ’ujÄ« **zhuÄnmÃ idiÃ n**.) This is a mobile phone **franchised store**ã€‚
chinese-essencial-in-communication-3-sometimes,æœ‰æ—¶å€™,,yÇ’u shÃ­hou,sometimes,ğŸ¤·,æˆ‘**æœ‰æ—¶å€™**ä¼šå¾ˆæ‡’ã€‚ (WÇ’ **yÇ’u shÃ­hou** huÃ¬ hÄ›n lÇn.) I am lazy **sometimes**ã€‚
chinese-essencial-in-communication-3-customize,å®šåš,,dÃ¬ngzuÃ²,customize,ğŸ§µ,æˆ‘æƒ³**å®šåš**ä¸€ä»¶è¡¬è¡«ã€‚ (WÇ’ xiÇng **dÃ¬ngzuÃ²** yÄ« jiÃ n chÃ¨nshÄn.) I want to **customize** a shirtã€‚
chinese-essencial-in-communication-3-similar,å·®ä¸å¤š,,chÃ buduÅ,similar,ğŸ†—,æˆ‘ä»¬çš„æƒ³æ³•**å·®ä¸å¤š**ã€‚ (WÇ’men de xiÇngfÇ **chÃ buduÅ**.) Our ideas are **similar**ã€‚
chinese-essencial-in-communication-3-to-deposit-money,å­˜é’±,,cÃºn qiÃ¡n,to deposit money,ğŸ’°,æˆ‘æ¯ä¸ªæœˆéƒ½**å­˜é’±**ã€‚ (WÇ’ mÄ›i gÃ¨ yuÃ¨ dÅu **cÃºn qiÃ¡n**.) I **to deposit money** every monthã€‚
chinese-essencial-in-communication-3-to-deposit,å­˜,,cÃºn,to deposit,ğŸ¦,ä»–æŠŠä¹¦**å­˜**åœ¨å›¾ä¹¦é¦†ã€‚ (TÄ bÇ shÅ« **cÃºn** zÃ i tÃºshÅ« guÇn.) He **to deposit** the book in the libraryã€‚
chinese-essencial-in-communication-3-foreign-currency,å¤–å¸,,wÃ ibÃ¬,foreign currency,ğŸŒ,æˆ‘éœ€è¦å…‘æ¢ä¸€äº›**å¤–å¸**ã€‚ (WÇ’ xÅ«yÃ o duÃ¬huÃ n yÄ«xiÄ“ **wÃ ibÃ¬**.) I need to exchange some **foreign currency**ã€‚
chinese-essencial-in-communication-3-bank-card,é“¶è¡Œå¡,,yÃ­nhÃ¡ngkÇ,bank card,ğŸ’³,æˆ‘çš„**é“¶è¡Œå¡**ä¸è§äº†ã€‚ (WÇ’ de **yÃ­nhÃ¡ngkÇ** bÃº jiÃ n le.) My **bank card** is missingã€‚
chinese-essencial-in-communication-3-to-manage,åŠ,,bÃ n,to manage,ğŸ“,æˆ‘éœ€è¦å»**åŠ**ä¸€å¼ æ–°å¡ã€‚ (WÇ’ xÅ«yÃ o qÃ¹ **bÃ n** yÄ« zhÄng xÄ«n kÇ.) I need **to manage** a new cardã€‚
chinese-essencial-in-communication-3-to-set-up,è®¾ç½®,,shÃ¨zhÃ¬,to set up,âš™ï¸,è¯·**è®¾ç½®**ä½ çš„è¯­è¨€ã€‚ (QÇng **shÃ¨zhÃ¬** nÇ de yÇ”yÃ¡n.) Please **to set up** your languageã€‚
chinese-essencial-in-communication-3-to-withdraw-money,å–é’±,,qÇ” qiÃ¡n,to withdraw money,ğŸ§,æˆ‘å»è‡ªåŠ¨å–æ¬¾æœº**å–é’±**ã€‚ (WÇ’ qÃ¹ zÃ¬dÃ²ng qÇ”kuÇnjÄ« **qÇ” qiÃ¡n**.) I go to the ATM **to withdraw money**ã€‚
chinese-essencial-in-communication-3-overcoat,å¤§è¡£,,dÃ yÄ«,overcoat,ğŸ§¥,å†¬å¤©éœ€è¦ç©¿**å¤§è¡£**ã€‚ (DÅngtiÄn xÅ«yÃ o chuÄn **dÃ yÄ«**.) You need to wear an **overcoat** in winterã€‚
chinese-essencial-in-communication-3-to-suggest,å»ºè®®,,jiÃ nyÃ¬,to suggest,ğŸ—£ï¸,æˆ‘æ¥å—ä½ çš„**å»ºè®®**ã€‚ (WÇ’ jiÄ“shÃ²u nÇ de **jiÃ nyÃ¬**.) I accept your **to suggest**ionã€‚
chinese-essencial-in-communication-3-youth,å¹´è½»äºº,,niÃ¡nqÄ«ngrÃ©n,youth,ğŸ§‘â€ğŸ¤â€ğŸ§‘,**å¹´è½»äºº**å……æ»¡æ´»åŠ›ã€‚ (**NiÃ¡nqÄ«ngrÃ©n** chÅngmÇn huÃ³lÃ¬.) **Youth** are full of energyã€‚
chinese-essencial-in-communication-3-price,ä»·é’±,,jiÃ qiÃ¡n,price,ğŸ’²,è¿™ä¸ª**ä»·é’±**å¯ä»¥æ¥å—ã€‚ (ZhÃ¨ge **jiÃ qiÃ¡n** kÄ›yÇ jiÄ“shÃ²u.) This **price** is acceptableã€‚
chinese-essencial-in-communication-3-gift,ç¤¼ç‰©,,lÇwÃ¹,gift,ğŸ,è°¢è°¢ä½ çš„**ç¤¼ç‰©**ã€‚ (XiÃ¨xie nÇ de **lÇwÃ¹**.) Thank you for your **gift**
chinese-essencial-in-communication-3-to-go-shopping,é€›è¡—,,guÃ ngjiÄ“,to go shopping,ğŸ›ï¸,æˆ‘ä»¬å»**é€›è¡—**å§ã€‚ (WÇ’men qÃ¹ **guÃ ngjiÄ“** ba.) Let's **to go shopping**ã€‚
chinese-essencial-in-communication-3-second-hand-store,æ—§è´§å•†åº—,,jiÃ¹huÃ² shÄngdiÃ n,second-hand store,â™»ï¸,ä»–å–œæ¬¢å»**æ—§è´§å•†åº—**ã€‚ (TÄ xÇhuÄn qÃ¹ **jiÃ¹huÃ² shÄngdiÃ n**.) He likes to go to the **second-hand store**ã€‚
chinese-essencial-in-communication-3-to-stroll,é€›,,guÃ ng,to stroll,ğŸš¶,æˆ‘å–œæ¬¢åœ¨å…¬å›­**é€›**ã€‚ (WÇ’ xÇhuÄn zÃ i gÅngyuÃ¡n **guÃ ng**.) I like **to stroll** in the parkã€‚
chinese-essencial-in-communication-3-old,è€,,lÇo,old,ğŸ‘´,æˆ‘çš„çˆ·çˆ·å¾ˆ**è€**äº†ã€‚ (WÇ’ de yÃ©ye hÄ›n **lÇo** le.) My grandpa is very **old**ã€‚
chinese-essencial-in-communication-3-record,å”±ç‰‡,,chÃ ngpiÃ n,record,ğŸ’¿,ä»–æ”¶è—äº†å¾ˆå¤š**å”±ç‰‡**ã€‚ (TÄ shÅucÃ¡ngle hÄ›n duÅ **chÃ ngpiÃ n**.) He collects many **record**sã€‚
chinese-essencial-in-communication-3-old-fashioned,è€å¼,,lÇoshÃ¬,old-fashioned,ğŸ•°ï¸,è¿™æ˜¯ä¸€éƒ¨**è€å¼**ç”µè¯ã€‚ (ZhÃ¨ shÃ¬ yÄ« bÃ¹ **lÇoshÃ¬** diÃ nhuÃ .) This is an **old-fashioned** telephoneã€‚
chinese-essencial-in-communication-3-camera,ç…§ç›¸æœº,,zhÃ oxiÃ ngjÄ«,camera,ğŸ“¸,æˆ‘ä¹°äº†ä¸€å°æ–°**ç…§ç›¸æœº**ã€‚ (WÇ’ mÇile yÄ« tÃ¡i xÄ«n **zhÃ oxiÃ ngjÄ«**.) I bought a new **camera**ã€‚
chinese-essencial-in-communication-3-complexion-face,è„¸è‰²,,liÇnsÃ¨,"complexion, face",ğŸ˜”,"ä½ çš„**è„¸è‰²**ä¸å¥½ã€‚ (NÇ de **liÇnsÃ¨** bÃ¹ hÇo.) Your **complexion, face** is not goodã€‚"
chinese-essencial-in-communication-3-to-catch-a-cold,æ„Ÿå†’,,gÇnmÃ o,to catch a cold,ğŸ¤§,æˆ‘**æ„Ÿå†’**äº†ã€‚ (WÇ’ **gÇnmÃ o** le.) I **to catch a cold**ã€‚
chinese-essencial-in-communication-3-serious,ä¸¥é‡,,yÃ¡nzhÃ²ng,serious,âš ï¸,ä»–çš„ç—…æƒ…å¾ˆ**ä¸¥é‡**ã€‚ (TÄ de bÃ¬ngqÃ­ng hÄ›n **yÃ¡nzhÃ²ng**.) His illness is very **serious**ã€‚
chinese-essencial-in-communication-3-throat,å—“å­,,sÇngzi,throat,ğŸ—£ï¸,æˆ‘**å—“å­**ç–¼ã€‚ (WÇ’ **sÇngzi** tÃ©ng.) My **throat** hurtsã€‚
chinese-essencial-in-communication-3-hurt,ç–¼,,tÃ©ng,hurt,ğŸ¤•,æˆ‘çš„å¤´å¾ˆ**ç–¼**ã€‚ (WÇ’ de tÃ³u hÄ›n **tÃ©ng**.) My head **hurt**sã€‚
chinese-essencial-in-communication-3-to-have-a-fever,å‘çƒ§,,fÄshÄo,to have a fever,ğŸ”¥,ä»–**å‘çƒ§**äº†ã€‚ (TÄ **fÄshÄo** le.) He **to have a fever**ã€‚
chinese-essencial-in-communication-3-to-register,æŒ‚å·,,guÃ  hÃ o,to register,ğŸ“‹,æˆ‘å»çœ‹ç—…éœ€è¦**æŒ‚å·**ã€‚ (WÇ’ qÃ¹ kÃ nbÃ¬ng xÅ«yÃ o **guÃ  hÃ o**.) I need **to register** to see a doctorã€‚
chinese-essencial-in-communication-3-to-register,æŒ‚,,guÃ ,to register,ğŸ·ï¸,ä½ **æŒ‚**å“ªä¸ªåŒ»ç”Ÿï¼Ÿ (NÇ **guÃ ** nÇge yÄ«shÄ“ng?) Which doctor do you **to register** for?
chinese-essencial-in-communication-3-section,ç§‘,,kÄ“,section,ğŸ¥,è¯·å»å†…**ç§‘**ã€‚ (QÇng qÃ¹ nÃ¨i **kÄ“**.) Please go to the internal **section**ã€‚
chinese-essencial-in-communication-3-internal-medicine,å†…ç§‘,,nÃ¨ikÄ“,internal medicine,ğŸ©º,æˆ‘å»çœ‹**å†…ç§‘**åŒ»ç”Ÿã€‚ (WÇ’ qÃ¹ kÃ n **nÃ¨ikÄ“** yÄ«shÄ“ng.) I am going to see an **internal medicine** doctorã€‚
chinese-essencial-in-communication-3-surgical-department,å¤–ç§‘,,wÃ ikÄ“,surgical department,ğŸ”ª,ä»–éœ€è¦çœ‹**å¤–ç§‘**ã€‚ (TÄ xÅ«yÃ o kÃ n **wÃ ikÄ“**.) He needs to see the **surgical department**ã€‚
chinese-essencial-in-communication-3-head,å¤´,,tÃ³u,head,ğŸ§ ,ä»–æ‘‡äº†æ‘‡**å¤´**ã€‚ (TÄ yÃ¡ole yÃ¡o **tÃ³u**.) He shook his **head**ã€‚
chinese-essencial-in-communication-3-to-cough,å’³å—½,,kÃ©sou,to cough,ğŸ¤§,è¯·ä¸è¦**å’³å—½**ã€‚ (QÇng bÃ¹yÃ o **kÃ©sou**.) Please don't **to cough**ã€‚
chinese-essencial-in-communication-3-to-measure,é‡,,liÃ¡ng,to measure,ğŸ“,è¯·**é‡**ä¸€ä¸‹èº«é«˜ã€‚ (QÇng **liÃ¡ng** yÄ«xiÃ  shÄ“ngÄo.) Please **to measure** the heightã€‚
chinese-essencial-in-communication-3-temperature,ä½“æ¸©,,tÇwÄ“n,temperature,ğŸŒ¡ï¸,æˆ‘çš„**ä½“æ¸©**æ˜¯ 37 åº¦ã€‚ (WÇ’ de **tÇwÄ“n** shÃ¬ 37 dÃ¹.) My **temperature** is 37 degreesã€‚
chinese-essencial-in-communication-3-to-take-medicine,åƒè¯,,chÄ« yÃ o,to take medicine,ğŸ’Š,è®°å¾—**åƒè¯**ã€‚ (JÃ¬de **chÄ« yÃ o**.) Remember **to take medicine**ã€‚
chinese-essencial-in-communication-3-medicine,è¯,,yÃ o,medicine,ğŸ§ª,è¿™ä¸ª**è¯**å¾ˆæœ‰æ•ˆã€‚ (ZhÃ¨ge **yÃ o** hÄ›n yÇ’uxiÃ o.) This **medicine** is very effectiveã€‚
chinese-essencial-in-communication-3-measure-word,ç‰‡,,piÃ n,(measure word),â¬œ,è¯·ç»™æˆ‘ä¸‰**ç‰‡**é¢åŒ…ã€‚ (QÇng gÄ›i wÇ’ sÄn **piÃ n** miÃ nbÄo.) Please give me three **(measure word)**s of breadã€‚
chinese-essencial-in-communication-3-antiphlogistic-drug,æ¶ˆç‚è¯,,xiÄoyÃ¡n yÃ o,antiphlogistic drug,ğŸ›¡ï¸,ä»–æœç”¨äº†**æ¶ˆç‚è¯**ã€‚ (TÄ fÃºyÃ²ngle **xiÄoyÃ¡n yÃ o**.) He took the **antiphlogistic drug**ã€‚
chinese-essencial-in-communication-3-to-get-inflamed,å‘ç‚,,fÄyÃ¡n,to get inflamed,ğŸ”´,ä½ çš„å–‰å’™**å‘ç‚**äº†ã€‚ (NÇ de hÃ³ulÃ³ng **fÄyÃ¡n** le.) Your throat **to get inflamed**ã€‚
chinese-essencial-in-communication-3-effect,æ•ˆæœ,,xiÃ oguÇ’,effect,âœ¨,æ²»ç–—çš„**æ•ˆæœ**å¾ˆå¥½ã€‚ (ZhÃ¬liÃ¡o de **xiÃ oguÇ’** hÄ›n hÇo.) The **effect** of the treatment is very goodã€‚
chinese-essencial-in-communication-3-western-medicine,è¥¿è¯,,xÄ«yÃ o,Western medicine,ğŸ’Š,**è¥¿è¯**è§æ•ˆå¿«ã€‚ (**XÄ«yÃ o** jiÃ nxiÃ o kuÃ i.) **Western medicine** works quicklyã€‚
chinese-essencial-in-communication-3-traditional-chinese-medicine,ä¸­è¯,,zhÅngyÃ o,traditional Chinese medicine,ğŸŒ¿,æˆ‘å–œæ¬¢å–**ä¸­è¯**ã€‚ (WÇ’ xÇhuÄn hÄ“ **zhÅngyÃ o**.) I like to drink **traditional Chinese medicine**ã€‚
chinese-essencial-in-communication-3-measure-word,ç²’,,lÃ¬,(measure word),ğŸŸ¡,ä¸€å¤©åƒä¸‰**ç²’**ã€‚ (YÄ« tiÄn chÄ« sÄn **lÃ¬**.) Take three **(measure word)**s a dayã€‚
chinese-essencial-in-communication-3-before-meal,é¥­å‰,,fÃ n qiÃ¡n,before meal,ğŸ½ï¸,è¯·åœ¨**é¥­å‰**ä¼‘æ¯ã€‚ (QÇng zÃ i **fÃ n qiÃ¡n** xiÅ«xÃ­.) Please rest **before meal**ã€‚
chinese-essencial-in-communication-3-please-come-in,è¯·è¿›,,qÇng jÃ¬n,please come in,ğŸšª,**è¯·è¿›**ï¼ (**QÇng jÃ¬n**!) **Please come in**!
chinese-essencial-in-communication-3-come-into,è¿›,,jÃ¬n,come into,â¡ï¸,ä»–**è¿›**æˆ¿é—´äº†ã€‚ (TÄ **jÃ¬n** fÃ¡ngjiÄn le.) He **come into** the roomã€‚
chinese-essencial-in-communication-3-to-clear-up,æ”¶æ‹¾,,shÅushi,to clear up,ğŸ§¹,æˆ‘éœ€è¦**æ”¶æ‹¾**æˆ¿é—´ã€‚ (WÇ’ xÅ«yÃ o **shÅushi** fÃ¡ngjiÄn.) I need **to clear up** the roomã€‚
chinese-essencial-in-communication-3-to-wash,æ´—,,xÇ,to wash,ğŸ§¼,æˆ‘æ¯å¤©éƒ½**æ´—**æ¾¡ã€‚ (WÇ’ mÄ›itiÄn dÅu **xÇ** zÇo.) I **to wash** my body every dayã€‚
chinese-essencial-in-communication-3-to-sweep,æ‰“æ‰«,,dÇsÇo,to sweep,ğŸ§½,æˆ‘ä»¬ä¸€èµ·**æ‰“æ‰«**å«ç”Ÿã€‚ (WÇ’men yÄ«qÇ **dÇsÇo** wÃ¨ishÄ“ng.) Let's **to sweep** upã€‚
chinese-essencial-in-communication-3-to-wipe,æ“¦,,cÄ,to wipe,ğŸ§¤,è¯·**æ“¦**ä¸€ä¸‹çª—æˆ·ã€‚ (QÇng **cÄ** yÄ«xiÃ  chuÄnghÃ¹.) Please **to wipe** the windowã€‚
chinese-essencial-in-communication-3-floor,åœ°æ¿,,dÃ¬bÇn,floor,ğŸ ,è¿™ä¸ª**åœ°æ¿**æ˜¯æœ¨å¤´çš„ã€‚ (ZhÃ¨ge **dÃ¬bÇn** shÃ¬ mÃ¹tou de.) This **floor** is made of woodã€‚
chinese-essencial-in-communication-3-to-take-a-photograph,æ‘„å½±,,shÃ¨yÇng,to take a photograph,ğŸ“·,ä»–å–œæ¬¢**æ‘„å½±**ã€‚ (TÄ xÇhuÄn **shÃ¨yÇng**.) He likes **to take a photograph**ã€‚
chinese-essencial-in-communication-3-to-play-tennis,æ‰“ç½‘çƒ,,dÇ wÇngqiÃº,to play tennis,ğŸ¾,æˆ‘**æ‰“ç½‘çƒ**æ‰“å¾—å¾ˆå¥½ã€‚ (WÇ’ **dÇ wÇngqiÃº** dÇ de hÄ›n hÇo.) I **to play tennis** very wellã€‚
chinese-essencial-in-communication-3-to-play,æ‰“,,dÇ,to play,ğŸ,ä½ ä¼š**æ‰“**ç¯®çƒå—ï¼Ÿ (NÇ huÃ¬ **dÇ** lÃ¡nqiÃº ma?) Can you **to play** basketball?
chinese-essencial-in-communication-3-tennis,ç½‘çƒ,,wÇngqiÃº,tennis,ğŸ½,**ç½‘çƒ**æ¯”èµ›å¾ˆæœ‰è¶£ã€‚ (**WÇngqiÃº** bÇsÃ i hÄ›n yÇ’uqÃ¹.) **Tennis** matches are interestingã€‚
chinese-essencial-in-communication-3-sport,è¿åŠ¨,,yÃ¹ndÃ²ng,sport,ğŸ…,è·‘æ­¥æ˜¯ä¸€é¡¹å¾ˆå¥½çš„**è¿åŠ¨**ã€‚ (PÇobÃ¹ shÃ¬ yÄ« xiÃ ng hÄ›n hÇo de **yÃ¹ndÃ²ng**.) Running is a very good **sport**ã€‚
chinese-essencial-in-communication-3-football,è¶³çƒ,,zÃºqiÃº,football,âš½,æˆ‘ä»¬å»çœ‹**è¶³çƒ**æ¯”èµ›ã€‚ (WÇ’men qÃ¹ kÃ n **zÃºqiÃº** bÇsÃ i.) We are going to watch a **football** gameã€‚
chinese-essencial-in-communication-3-often,ç»å¸¸,,jÄ«ngchÃ¡ng,often,ğŸ”„,æˆ‘**ç»å¸¸**å»é‚£é‡Œã€‚ (WÇ’ **jÄ«ngchÃ¡ng** qÃ¹ nÃ lÇ.) I **often** go thereã€‚
chinese-essencial-in-communication-3-to-play-football,è¸¢è¶³çƒ,,tÄ« zÃºqiÃº,to play football,ğŸ¥…,å­©å­ä»¬åœ¨**è¸¢è¶³çƒ**ã€‚ (HÃ¡izimen zÃ i **tÄ« zÃºqiÃº**.) The children are **to play football**ã€‚
chinese-essencial-in-communication-3-to-kick,è¸¢,,tÄ«,to kick,ğŸ¦µ,ä»–ç”¨è„š**è¸¢**äº†ä¸€ä¸‹ã€‚ (TÄ yÃ²ng jiÇo **tÄ«** le yÄ«xiÃ .) He **to kick**ed it with his footã€‚
chinese-essencial-in-communication-3-ball-game,çƒèµ›,,qiÃºsÃ i,ball game,ğŸŸï¸,æˆ‘ä»¬å»çœ‹**çƒèµ›**å§ã€‚ (WÇ’men qÃ¹ kÃ n **qiÃºsÃ i** ba.) Let's go watch a **ball game**ã€‚
chinese-essencial-in-communication-3-movie,ç”µå½±,,diÃ nyÇng,movie,ğŸ¬,æˆ‘å–œæ¬¢çœ‹ææ€–**ç”µå½±**ã€‚ (WÇ’ xÇhuÄn kÃ n kÇ’ngbÃ¹ **diÃ nyÇng**.) I like to watch horror **movie**sã€‚
chinese-essencial-in-communication-3-to-perform,æ¼”,,yÇn,to perform,ğŸ­,å¥¹**æ¼”**äº†ä¸€ä¸ªé‡è¦çš„è§’è‰²ã€‚ (TÄ **yÇn**le yÄ«gÃ¨ zhÃ²ngyÃ o de juÃ©sÃ¨.) She **to perform** an important roleã€‚
chinese-essencial-in-communication-3-seafood,æµ·é²œ,,hÇixiÄn,seafood,ğŸ¦,è¿™é‡Œçš„**æµ·é²œ**å¾ˆæ–°é²œã€‚ (ZhÃ¨lÇ de **hÇixiÄn** hÄ›n xÄ«nxian.) The **seafood** here is very freshã€‚
chinese-essencial-in-communication-3-rice-noodles,ç±³çº¿,,mÇxiÃ n,rice noodles,ğŸœ,æˆ‘ç‚¹äº†ä¸€ç¢—**ç±³çº¿**ã€‚ (WÇ’ diÇnle yÄ« wÇn **mÇxiÃ n**.) I ordered a bowl of **rice noodles**ã€‚
chinese-essencial-in-communication-3-snack,å°åƒ,,xiÇochÄ«,snack,ğŸ¥¨,æˆ‘æƒ³å°å°å½“åœ°çš„**å°åƒ**ã€‚ (WÇ’ xiÇng chÃ¡ngchang dÄngdÃ¬ de **xiÇochÄ«**.) I want to try the local **snack**sã€‚
chinese-essencial-in-communication-3-like-that-so,é‚£ä¹ˆ,,nÃ me,"like that, so",ğŸ¤”,"ä»–è·‘å¾—**é‚£ä¹ˆ**å¿«ï¼ (TÄ pÇo de **nÃ me** kuÃ i!) He runs **like that, so** fast!"
chinese-essencial-in-communication-3-to-go-away-on-a-business-trip,å‡ºå·®,,chÅ«chÄi,to go away on a business trip,ğŸ’¼,æˆ‘çš„çˆ¸çˆ¸ç»å¸¸**å‡ºå·®**ã€‚ (WÇ’ de bÃ ba jÄ«ngchÃ¡ng **chÅ«chÄi**.) My father often **to go away on a business trip**ã€‚
chinese-essencial-in-communication-3-guangdong,å¹¿ä¸œ,,GuÇngdÅng,Guangdong,ğŸ‡¨ğŸ‡³,ä»–æƒ³å»**å¹¿ä¸œ**æ—…æ¸¸ã€‚ (TÄ xiÇng qÃ¹ **GuÇngdÅng** lÇšyÃ³u.) He wants to travel to **Guangdong**ã€‚
chinese-essencial-in-communication-3-yunnan,äº‘å—,,YÃºnnÃ¡n,Yunnan,ğŸï¸,**äº‘å—**çš„æ°”å€™å¾ˆå¥½ã€‚ (**YÃºnnÃ¡n** de qÃ¬hÃ²u hÄ›n hÇo.) The climate in **Yunnan** is very goodã€‚
chinese-essencial-in-communication-3-sichuan,å››å·,,SÃ¬chuÄn,Sichuan,ğŸ¼,**å››å·**ä»¥è¾£é—»åã€‚ (**SÃ¬chuÄn** yÇ lÃ  wÃ©nmÃ­ng.) **Sichuan** is famous for being spicyã€‚
chinese-essencial-in-communication-3-all-along,ä»æ¥,,cÃ³nglÃ¡i,All along,ğŸ•°ï¸,æˆ‘**ä»æ¥**æ²¡å»è¿‡ã€‚ (WÇ’ **cÃ³nglÃ¡i** mÃ©i qÃ¹guÃ².) I have **all along** never been thereã€‚
chinese-essencial-in-communication-3-that-time,å½“æ—¶,,dÄngshÃ­,that time,ğŸ“…,**å½“æ—¶**æˆ‘å¾ˆå¹´è½»ã€‚ (**DÄngshÃ­** wÇ’ hÄ›n niÃ¡nqÄ«ng.) **That time** I was very youngã€‚
chinese-essencial-in-communication-3-to-interview,é‡‡è®¿,,cÇifÇng,to interview,ğŸ¤,è®°è€…æ­£åœ¨**é‡‡è®¿**ä»–ã€‚ (JÃ¬zhÄ› zhÃ¨ngzÃ i **cÇifÇng** tÄ.) The reporter is **to interview**ing himã€‚
chinese-essencial-in-communication-3-to-be-wounded,å—ä¼¤,,shÃ²ushÄng,to be wounded,ğŸ©¹,ä»–ä»é©¬ä¸Š**å—ä¼¤**äº†ã€‚ (TÄ cÃ³ng mÇ shÃ ng **shÃ²ushÄng** le.) He **to be wounded** from the horseã€‚
chinese-essencial-in-communication-3-to-look-after,ç…§é¡¾,,zhÃ ogÃ¹,to look after,ğŸ¤—,å¥¹**ç…§é¡¾**å¥¹çš„å¦¹å¦¹ã€‚ (TÄ **zhÃ ogÃ¹** tÄ de mÃ¨imei.) She **to look after** her younger sisterã€‚
chinese-essencial-in-communication-3-afterwards,åæ¥,,hÃ²ulÃ¡i,afterwards,â¡ï¸,"**åæ¥**ä»–ç¦»å¼€äº†ã€‚ (**HÃ²ulÃ¡i** tÄ lÃ­kÄi le.) **Afterwards**, he left"
chinese-essencial-in-communication-3-to-love-each-other,ç›¸çˆ±,,xiÄng'Ã i,to love each other,ğŸ’•,ä»–ä»¬ä¸¤ä¸ª**ç›¸çˆ±**ã€‚ (TÄmen liÇng ge **xiÄng'Ã i**.) The two of them **to love each other**ã€‚
chinese-essencial-in-communication-3-to-forget,å¿˜,,wÃ ng,to forget,ğŸ§ ,ä¸è¦**å¿˜**è®°æˆ‘ã€‚ (BÃº yÃ o **wÃ ng**jÃ¬ wÇ’.) Don't **to forget** meã€‚
chinese-essencial-in-communication-3-kung-fu-film,æ­¦æ‰“ç‰‡,,wÇ”dÇpiÃ n,kung fu film,ğŸ¥‹,æˆ‘å–œæ¬¢çœ‹**æ­¦æ‰“ç‰‡**ã€‚ (WÇ’ xÇhuÄn kÃ n **wÇ”dÇpiÃ n**.) I like to watch **kung fu film**sã€‚
chinese-essencial-in-communication-3-love-movie,çˆ±æƒ…ç‰‡,,Ã iqÃ­ngpiÃ n,love movie,ğŸ’–,å¥¹æœ€çˆ±çœ‹**çˆ±æƒ…ç‰‡**ã€‚ (TÄ zuÃ¬ Ã i kÃ n **Ã iqÃ­ngpiÃ n**.) She loves to watch **love movie**s the mostã€‚